"TimeStep","ConnectedComponentId","CriticalType","Points:0","Points:1","Points:2"
0,0,3,-0.14056,0.26247,2.1786
0,0,3,-0.14056,0.26247,2.1786
1,0,3,-0.14056,0.26247,2.1786
1,0,3,-0.15403,0.24907,2.1793
2,0,3,-0.15403,0.24907,2.1793
2,0,3,-0.15403,0.24907,2.1793
3,0,3,-0.15403,0.24907,2.1793
3,0,3,-0.14066,0.24907,2.1802
4,0,3,-0.14066,0.24907,2.1802
4,0,3,-0.14066,0.24907,2.1802
0,1,3,-0.51978,-0.75981,1.9969
0,1,3,-0.51978,-0.75981,1.9969
1,1,3,-0.51978,-0.75981,1.9969
1,1,3,-0.48508,-0.73443,2.0151
2,1,3,-0.48508,-0.73443,2.0151
2,1,3,-0.48508,-0.73443,2.0151
3,1,3,-0.48508,-0.73443,2.0151
3,1,3,-0.50029,-0.83524,1.9716
4,1,3,-0.50029,-0.83524,1.9716
4,1,3,-0.50029,-0.83524,1.9716
0,2,3,0.29336,1.1362,-1.8596
0,2,3,0.29336,1.1362,-1.8596
1,2,3,0.29336,1.1362,-1.8596
1,2,3,0.31962,1.1014,-1.8761
2,2,3,0.31962,1.1014,-1.8761
2,2,3,0.31962,1.1014,-1.8761
3,2,3,0.31962,1.1014,-1.8761
3,2,3,0.33345,1.078,-1.8873
4,2,3,0.33345,1.078,-1.8873
4,2,3,0.33345,1.078,-1.8873
0,3,3,1.1698,1.8349,0.31597
0,3,3,1.1698,1.8349,0.31597
1,3,3,1.1698,1.8349,0.31597
1,3,3,1.2,1.8079,0.35597
2,3,3,1.2,1.8079,0.35597
2,3,3,1.2,1.8079,0.35597
3,3,3,1.2,1.8079,0.35597
3,3,3,1.1864,1.8114,0.38257
4,3,3,1.1864,1.8114,0.38257
4,3,3,1.1864,1.8114,0.38257
0,4,3,-0.93306,1.9885,0.10116
0,4,3,-0.93306,1.9885,0.10116
1,4,3,-0.93306,1.9885,0.10116
1,4,3,-0.92025,1.993,0.1281
2,4,3,-0.92025,1.993,0.1281
2,4,3,-0.92025,1.993,0.1281
3,4,3,-0.92025,1.993,0.1281
3,4,3,-0.93211,1.9865,0.14157
4,4,3,-0.93211,1.9865,0.14157
4,4,3,-0.93211,1.9865,0.14157
0,5,3,-0.84859,1.5308,1.331
0,5,3,-0.84859,1.5308,1.331
1,5,3,-0.84859,1.5308,1.331
1,5,3,-0.85163,1.5405,1.3179
2,5,3,-0.85163,1.5405,1.3179
2,5,3,-0.85163,1.5405,1.3179
3,5,3,-0.85163,1.5405,1.3179
3,5,3,-0.82723,1.5405,1.3333
4,5,3,-0.82723,1.5405,1.3333
4,5,3,-0.82723,1.5405,1.3333
0,6,3,-0.86624,1.8171,0.88491
0,6,3,-0.86624,1.8171,0.88491
1,6,3,-0.86624,1.8171,0.88491
1,6,3,-0.87257,1.8018,0.90955
2,6,3,-0.87257,1.8018,0.90955
2,6,3,-0.87257,1.8018,0.90955
3,6,3,-0.87257,1.8018,0.90955
3,6,3,-0.88113,1.7914,0.92181
4,6,3,-0.88113,1.7914,0.92181
4,6,3,-0.88113,1.7914,0.92181
0,7,3,-0.15299,-2.1645,0.35597
0,7,3,-0.15299,-2.1645,0.35597
1,7,3,-0.15299,-2.1645,0.35597
1,7,3,-0.19151,-2.1468,0.4356
2,7,3,-0.19151,-2.1468,0.4356
2,7,3,-0.19151,-2.1468,0.4356
3,7,3,-0.19151,-2.1468,0.4356
3,7,3,-0.17811,-2.1452,0.44881
4,7,3,-0.17811,-2.1452,0.44881
4,7,3,-0.17811,-2.1452,0.44881
0,8,3,0.57609,1.4002,-1.5946
0,8,3,0.57609,1.4002,-1.5946
1,8,3,0.57609,1.4002,-1.5946
1,8,3,0.55647,1.4002,-1.6016
2,8,3,0.55647,1.4002,-1.6016
2,8,3,0.55647,1.4002,-1.6016
3,8,3,0.55647,1.4002,-1.6016
3,8,3,0.54664,1.4002,-1.6049
4,8,3,0.54664,1.4002,-1.6049
4,8,3,0.54664,1.4002,-1.6049
0,9,3,-1.7621,1.3153,0.016218
0,9,3,-1.7621,1.3153,0.016218
1,9,3,-1.7621,1.3153,0.016218
1,9,3,-1.7374,1.3475,0.026654
2,9,3,-1.7374,1.3475,0.026654
2,9,3,-1.7374,1.3475,0.026654
3,9,3,-1.7374,1.3475,0.026654
3,9,3,-1.77,1.3045,-0.027154
4,9,3,-1.77,1.3045,-0.027154
4,9,3,-1.77,1.3045,-0.027154
0,10,3,-1.8405,1.1935,-0.15281
0,10,3,-1.8405,1.1935,-0.15281
1,10,3,-1.8405,1.1935,-0.15281
1,10,3,-1.8332,1.2048,-0.1522
2,10,3,-1.8332,1.2048,-0.1522
2,10,3,-1.8332,1.2048,-0.1522
3,10,3,-1.8332,1.2048,-0.1522
3,10,3,-1.8322,1.2048,-0.16344
4,10,3,-1.8322,1.2048,-0.16344
4,10,3,-1.8322,1.2048,-0.16344
0,11,3,-1.1588,1.5501,1.0438
0,11,3,-1.1588,1.5501,1.0438
1,11,3,-1.1588,1.5501,1.0438
1,11,3,-1.1399,1.5211,1.1054
2,11,3,-1.1399,1.5211,1.1054
2,11,3,-1.1399,1.5211,1.1054
3,11,3,-1.1399,1.5211,1.1054
3,11,3,-1.1184,1.5015,1.1532
4,11,3,-1.1184,1.5015,1.1532
4,11,3,-1.1184,1.5015,1.1532
0,12,3,0.22201,-0.10116,2.1853
0,12,3,0.22201,-0.10116,2.1853
1,12,3,0.22201,-0.10116,2.1853
1,12,3,0.22206,-0.087676,2.1859
2,12,3,0.22206,-0.087676,2.1859
2,12,3,0.22206,-0.087676,2.1859
3,12,3,0.22206,-0.087676,2.1859
3,12,3,0.20865,-0.087676,2.1872
4,12,3,0.20865,-0.087676,2.1872
4,12,3,0.20865,-0.087676,2.1872
0,13,3,-0.50785,2.1096,-0.35597
0,13,3,-0.50785,2.1096,-0.35597
1,13,3,-0.50785,2.1096,-0.35597
1,13,3,-0.50785,2.1096,-0.35597
2,13,3,-0.50785,2.1096,-0.35597
2,13,3,-0.50785,2.1096,-0.35597
3,13,3,-0.50785,2.1096,-0.35597
3,13,3,-0.54863,2.1077,-0.30261
4,13,3,-0.54863,2.1077,-0.30261
4,13,3,-0.54863,2.1077,-0.30261
0,14,3,1.4228,-0.4356,-1.619
0,14,3,1.4228,-0.4356,-1.619
1,14,3,1.4228,-0.4356,-1.619
1,14,3,1.4344,-0.42236,-1.6122
2,14,3,1.4344,-0.42236,-1.6122
2,14,3,1.4344,-0.42236,-1.6122
3,14,3,1.4344,-0.42236,-1.6122
3,14,3,1.446,-0.40912,-1.6053
4,14,3,1.446,-0.40912,-1.6053
4,14,3,1.446,-0.40912,-1.6053
0,15,3,-1.3019,1.1935,1.3099
0,15,3,-1.3019,1.1935,1.3099
1,15,3,-1.3019,1.1935,1.3099
1,15,3,-1.3546,1.1821,1.2661
2,15,3,-1.3546,1.1821,1.2661
2,15,3,-1.3546,1.1821,1.2661
3,15,3,-1.3546,1.1821,1.2661
3,15,3,-1.4117,1.1247,1.256
4,15,3,-1.4117,1.1247,1.256
4,15,3,-1.4117,1.1247,1.256
0,16,3,-0.67684,-0.30261,2.0701
0,16,3,-0.67684,-0.30261,2.0701
1,16,3,-0.67684,-0.30261,2.0701
1,16,3,-0.62472,-0.32932,2.0824
2,16,3,-0.62472,-0.32932,2.0824
2,16,3,-0.62472,-0.32932,2.0824
3,16,3,-0.62472,-0.32932,2.0824
3,16,3,-0.72546,-0.34265,2.0473
4,16,3,-0.72546,-0.34265,2.0473
4,16,3,-0.72546,-0.34265,2.0473
0,17,3,-1.451,0.060708,1.6511
0,17,3,-1.451,0.060708,1.6511
1,17,3,-1.451,0.060708,1.6511
1,17,3,-1.4306,0.060708,1.6688
0,18,3,1.0753,1.9118,-0.15503
0,18,3,1.0753,1.9118,-0.15503
1,18,3,1.0753,1.9118,-0.15503
1,18,3,1.0399,1.9312,-0.15503
2,18,3,1.0399,1.9312,-0.15503
2,18,3,1.0399,1.9312,-0.15503
3,18,3,1.0399,1.9312,-0.15503
3,18,3,1.028,1.9376,-0.15503
4,18,3,1.028,1.9376,-0.15503
4,18,3,1.028,1.9376,-0.15503
0,19,3,-0.92737,1.9764,0.26247
0,19,3,-0.92737,1.9764,0.26247
1,19,3,-0.92737,1.9764,0.26247
1,19,3,-0.95224,1.9663,0.24907
2,19,3,-0.95224,1.9663,0.24907
2,19,3,-0.95224,1.9663,0.24907
3,19,3,-0.95224,1.9663,0.24907
3,19,3,-0.99017,1.9522,0.20882
4,19,3,-0.99017,1.9522,0.20882
4,19,3,-0.99017,1.9522,0.20882
0,20,3,-0.55358,-0.074193,2.1268
0,20,3,-0.55358,-0.074193,2.1268
1,20,3,-0.55358,-0.074193,2.1268
1,20,3,-0.5404,-0.087676,2.1297
0,21,3,-0.57853,-0.15503,2.1158
0,21,3,-0.57853,-0.15503,2.1158
1,21,3,-0.57853,-0.15503,2.1158
1,21,3,-0.56577,-0.14157,2.1201
2,21,3,-0.56577,-0.14157,2.1201
2,21,3,-0.56577,-0.14157,2.1201
3,21,3,-0.56577,-0.14157,2.1201
3,21,3,-0.57918,-0.11463,2.1181
4,21,3,-0.57918,-0.11463,2.1181
4,21,3,-0.57918,-0.11463,2.1181
0,22,3,-0.632,1.9739,0.73443
0,22,3,-0.632,1.9739,0.73443
1,22,3,-0.632,1.9739,0.73443
1,22,3,-0.64685,1.9784,0.70894
2,22,3,-0.64685,1.9784,0.70894
2,22,3,-0.64685,1.9784,0.70894
3,22,3,-0.64685,1.9784,0.70894
3,22,3,-0.65618,1.966,0.73443
4,22,3,-0.65618,1.966,0.73443
4,22,3,-0.65618,1.966,0.73443
0,23,3,0.16175,1.9482,-1.0067
0,23,3,0.16175,1.9482,-1.0067
1,23,3,0.16175,1.9482,-1.0067
1,23,3,0.21017,1.9498,-0.99467
2,23,3,0.21017,1.9498,-0.99467
2,23,3,0.21017,1.9498,-0.99467
3,23,3,0.21017,1.9498,-0.99467
3,23,3,0.22213,1.9484,-0.99467
4,23,3,0.22213,1.9484,-0.99467
4,23,3,0.22213,1.9484,-0.99467
0,24,3,-1.7735,1.2495,0.35843
0,24,3,-1.7735,1.2495,0.35843
1,24,3,-1.7735,1.2495,0.35843
1,24,3,-1.7757,1.2495,0.34754
0,25,3,1.119,-0.70894,-1.7551
0,25,3,1.119,-0.70894,-1.7551
1,25,3,1.119,-0.70894,-1.7551
1,25,3,1.0996,-0.69616,-1.7724
2,25,3,1.0996,-0.69616,-1.7724
2,25,3,1.0996,-0.69616,-1.7724
3,25,3,1.0996,-0.69616,-1.7724
3,25,3,1.0996,-0.69616,-1.7724
4,25,3,1.0996,-0.69616,-1.7724
4,25,3,1.0996,-0.69616,-1.7724
0,26,3,1.18,1.826,-0.32932
0,26,3,1.18,1.826,-0.32932
1,26,3,1.18,1.826,-0.32932
1,26,3,1.1472,1.8491,-0.31597
2,26,3,1.1472,1.8491,-0.31597
2,26,3,1.1472,1.8491,-0.31597
3,26,3,1.1472,1.8491,-0.31597
3,26,3,1.1541,1.8349,-0.36928
4,26,3,1.1541,1.8349,-0.36928
4,26,3,1.1541,1.8349,-0.36928
0,27,3,-0.36638,1.5641,1.5015
0,27,3,-0.36638,1.5641,1.5015
1,27,3,-0.36638,1.5641,1.5015
1,27,3,-0.37812,1.5707,1.4916
2,27,3,-0.37812,1.5707,1.4916
2,27,3,-0.37812,1.5707,1.4916
3,27,3,-0.37812,1.5707,1.4916
3,27,3,-0.36485,1.6018,1.4616
4,27,3,-0.36485,1.6018,1.4616
4,27,3,-0.36485,1.6018,1.4616
0,28,3,0.32969,1.5341,-1.5405
0,28,3,0.32969,1.5341,-1.5405
1,28,3,0.32969,1.5341,-1.5405
1,28,3,0.32969,1.5341,-1.5405
0,29,3,1.4734,-0.34265,-1.5959
0,29,3,1.4734,-0.34265,-1.5959
1,29,3,1.4734,-0.34265,-1.5959
1,29,3,1.4817,-0.35597,-1.5852
2,29,3,1.4817,-0.35597,-1.5852
2,29,3,1.4817,-0.35597,-1.5852
3,29,3,1.4817,-0.35597,-1.5852
3,29,3,1.4929,-0.34265,-1.5777
4,29,3,1.4929,-0.34265,-1.5777
4,29,3,1.4929,-0.34265,-1.5777
0,30,3,0.16807,-0.15503,2.187
0,30,3,0.16807,-0.15503,2.187
1,30,3,0.16807,-0.15503,2.187
1,30,3,0.14122,-0.15503,2.1889
2,30,3,0.14122,-0.15503,2.1889
2,30,3,0.14122,-0.15503,2.1889
3,30,3,0.14122,-0.15503,2.1889
3,30,3,0.15477,-0.1281,2.1897
4,30,3,0.15477,-0.1281,2.1897
4,30,3,0.15477,-0.1281,2.1897
0,31,3,-1.2804,1.4002,1.1114
0,31,3,-1.2804,1.4002,1.1114
1,31,3,-1.2804,1.4002,1.1114
1,31,3,-1.3005,1.3897,1.1011
2,31,3,-1.3005,1.3897,1.1011
2,31,3,-1.3005,1.3897,1.1011
3,31,3,-1.3005,1.3897,1.1011
3,31,3,-1.3072,1.4106,1.0661
4,31,3,-1.3072,1.4106,1.0661
4,31,3,-1.3072,1.4106,1.0661
0,32,3,-0.95092,-0.7217,1.8466
0,32,3,-0.95092,-0.7217,1.8466
1,32,3,-0.95092,-0.7217,1.8466
1,32,3,-0.93755,-0.73443,1.8484
2,32,3,-0.93755,-0.73443,1.8484
2,32,3,-0.93755,-0.73443,1.8484
3,32,3,-0.93755,-0.73443,1.8484
3,32,3,-0.92619,-0.73443,1.8542
4,32,3,-0.92619,-0.73443,1.8542
4,32,3,-0.92619,-0.73443,1.8542
0,33,3,-1.8734,-0.70894,0.90723
0,33,3,-1.8734,-0.70894,0.90723
1,33,3,-1.8734,-0.70894,0.90723
1,33,3,-1.8792,-0.67051,0.92431
2,33,3,-1.8792,-0.67051,0.92431
2,33,3,-1.8792,-0.67051,0.92431
3,33,3,-1.8792,-0.67051,0.92431
3,33,3,-1.8864,-0.64476,0.92787
4,33,3,-1.8864,-0.64476,0.92787
4,33,3,-1.8864,-0.64476,0.92787
0,34,3,-0.18335,-2.0553,0.75981
0,34,3,-0.18335,-2.0553,0.75981
1,34,3,-0.18335,-2.0553,0.75981
1,34,3,-0.18376,-2.0599,0.74713
0,35,3,1.2703,1.792,-0.10116
0,35,3,1.2703,1.792,-0.10116
1,35,3,1.2703,1.792,-0.10116
1,35,3,1.2374,1.8155,-0.087676
2,35,3,1.2374,1.8155,-0.087676
2,35,3,1.2374,1.8155,-0.087676
3,35,3,1.2374,1.8155,-0.087676
3,35,3,1.2259,1.8226,-0.10116
4,35,3,1.2259,1.8226,-0.10116
4,35,3,1.2259,1.8226,-0.10116
0,36,3,0.60356,0.19538,2.1054
0,36,3,0.60356,0.19538,2.1054
1,36,3,0.60356,0.19538,2.1054
1,36,3,0.61611,0.20882,2.1005
2,36,3,0.61611,0.20882,2.1005
2,36,3,0.61611,0.20882,2.1005
3,36,3,0.61611,0.20882,2.1005
3,36,3,0.70219,0.30261,2.0617
4,36,3,0.70219,0.30261,2.0617
4,36,3,0.70219,0.30261,2.0617
0,37,3,-1.3217,1.7262,-0.32932
0,37,3,-1.3217,1.7262,-0.32932
1,37,3,-1.3217,1.7262,-0.32932
1,37,3,-1.3229,1.7278,-0.31597
2,37,3,-1.3229,1.7278,-0.31597
2,37,3,-1.3229,1.7278,-0.31597
3,37,3,-1.3229,1.7278,-0.31597
3,37,3,-1.3135,1.7374,-0.30261
4,37,3,-1.3135,1.7374,-0.30261
4,37,3,-1.3135,1.7374,-0.30261
0,38,3,1.9423,1.0306,-0.020238
0,38,3,1.9423,1.0306,-0.020238
1,38,3,1.9423,1.0306,-0.020238
1,38,3,1.923,1.0507,0.18194
2,38,3,1.923,1.0507,0.18194
2,38,3,1.923,1.0507,0.18194
3,38,3,1.923,1.0507,0.18194
3,38,3,1.9165,1.0625,0.18194
4,38,3,1.9165,1.0625,0.18194
4,38,3,1.9165,1.0625,0.18194
0,39,3,-0.016723,1.8169,1.2384
0,39,3,-0.016723,1.8169,1.2384
1,39,3,-0.016723,1.8169,1.2384
1,39,3,0.094724,1.8145,1.2384
2,39,3,0.094724,1.8145,1.2384
2,39,3,0.094724,1.8145,1.2384
3,39,3,0.094724,1.8145,1.2384
3,39,3,-0.027754,1.8091,1.2495
4,39,3,-0.027754,1.8091,1.2495
4,39,3,-0.027754,1.8091,1.2495
0,40,3,-0.62285,1.4916,1.4907
0,40,3,-0.62285,1.4916,1.4907
1,40,3,-0.62285,1.4916,1.4907
1,40,3,-0.63332,1.4616,1.5158
2,40,3,-0.63332,1.4616,1.5158
2,40,3,-0.63332,1.4616,1.5158
3,40,3,-0.63332,1.4616,1.5158
3,40,3,-0.64261,1.4616,1.5119
4,40,3,-0.64261,1.4616,1.5119
4,40,3,-0.64261,1.4616,1.5119
0,41,3,-0.15982,2.0797,-0.69616
0,41,3,-0.15982,2.0797,-0.69616
1,41,3,-0.15982,2.0797,-0.69616
1,41,3,-0.12151,2.0822,-0.69616
2,41,3,-0.12151,2.0822,-0.69616
2,41,3,-0.12151,2.0822,-0.69616
3,41,3,-0.12151,2.0822,-0.69616
3,41,3,-0.15982,2.0797,-0.69616
4,41,3,-0.15982,2.0797,-0.69616
4,41,3,-0.15982,2.0797,-0.69616
0,42,3,1.41,0.060708,-1.6862
0,42,3,1.41,0.060708,-1.6862
1,42,3,1.41,0.060708,-1.6862
1,42,3,1.4097,0.074193,-1.6859
2,42,3,1.4097,0.074193,-1.6859
2,42,3,1.4097,0.074193,-1.6859
3,42,3,1.4097,0.074193,-1.6859
3,42,3,1.3897,0.020238,-1.704
4,42,3,1.3897,0.020238,-1.704
4,42,3,1.3897,0.020238,-1.704
0,43,3,-0.7802,1.9685,0.59297
0,43,3,-0.7802,1.9685,0.59297
1,43,3,-0.7802,1.9685,0.59297
1,43,3,-0.77069,1.9798,0.56694
2,43,3,-0.77069,1.9798,0.56694
2,43,3,-0.77069,1.9798,0.56694
3,43,3,-0.77069,1.9798,0.56694
3,43,3,-0.75853,1.9845,0.56694
4,43,3,-0.75853,1.9845,0.56694
4,43,3,-0.75853,1.9845,0.56694
0,44,3,0.28397,2.0438,0.75981
0,44,3,0.28397,2.0438,0.75981
1,44,3,0.28397,2.0438,0.75981
1,44,3,0.29717,2.0466,0.74713
2,44,3,0.29717,2.0466,0.74713
2,44,3,0.29717,2.0466,0.74713
3,44,3,0.29717,2.0466,0.74713
3,44,3,0.25945,2.0517,0.74713
4,44,3,0.25945,2.0517,0.74713
4,44,3,0.25945,2.0517,0.74713
0,45,3,-1.8917,1.0662,0.34621
0,45,3,-1.8917,1.0662,0.34621
1,45,3,-1.8917,1.0662,0.34621
1,45,3,-1.8917,1.0662,0.34621
0,46,3,-0.70243,-1.6249,1.3045
0,46,3,-0.70243,-1.6249,1.3045
1,46,3,-0.70243,-1.6249,1.3045
1,46,3,-0.74202,-1.6332,1.2717
2,46,3,-0.74202,-1.6332,1.2717
2,46,3,-0.74202,-1.6332,1.2717
3,46,3,-0.74202,-1.6332,1.2717
3,46,3,-0.43351,-1.6655,1.3687
4,46,3,-0.43351,-1.6655,1.3687
4,46,3,-0.43351,-1.6655,1.3687
0,47,3,-1.0325,1.8357,-0.63185
0,47,3,-1.0325,1.8357,-0.63185
1,47,3,-1.0325,1.8357,-0.63185
1,47,3,-1.0249,1.8487,-0.60595
2,47,3,-1.0249,1.8487,-0.60595
2,47,3,-1.0249,1.8487,-0.60595
3,47,3,-1.0249,1.8487,-0.60595
3,47,3,-1.0231,1.8454,-0.61891
4,47,3,-1.0231,1.8454,-0.61891
4,47,3,-1.0231,1.8454,-0.61891
0,48,3,-0.98158,0.10116,1.965
0,48,3,-0.98158,0.10116,1.965
1,48,3,-0.98158,0.10116,1.965
1,48,3,-0.92056,0.11463,1.9936
2,48,3,-0.92056,0.11463,1.9936
2,48,3,-0.92056,0.11463,1.9936
3,48,3,-0.92056,0.11463,1.9936
3,48,3,-1.0419,0.074193,1.935
4,48,3,-1.0419,0.074193,1.935
4,48,3,-1.0419,0.074193,1.935
0,49,3,-1.048,1.8633,0.51463
0,49,3,-1.048,1.8633,0.51463
1,49,3,-1.048,1.8633,0.51463
1,49,3,-1.1024,1.8521,0.4356
2,49,3,-1.1024,1.8521,0.4356
2,49,3,-1.1024,1.8521,0.4356
3,49,3,-1.1024,1.8521,0.4356
3,49,3,-1.0809,1.8677,0.42237
4,49,3,-1.0809,1.8677,0.42237
4,49,3,-1.0809,1.8677,0.42237
0,50,3,-0.040276,-1.8751,1.1478
0,50,3,-0.040276,-1.8751,1.1478
1,50,3,-0.040276,-1.8751,1.1478
1,50,3,-0.028661,-1.8683,1.1593
0,51,3,-0.62221,2.074,-0.38257
0,51,3,-0.62221,2.074,-0.38257
1,51,3,-0.62221,2.074,-0.38257
1,51,3,-0.6356,2.0724,-0.36928
2,51,3,-0.6356,2.0724,-0.36928
2,51,3,-0.6356,2.0724,-0.36928
3,51,3,-0.6356,2.0724,-0.36928
3,51,3,-0.64961,2.0726,-0.34265
4,51,3,-0.64961,2.0726,-0.34265
4,51,3,-0.64961,2.0726,-0.34265
0,52,3,-0.31697,-2.0092,0.83524
0,52,3,-0.31697,-2.0092,0.83524
1,52,3,-0.31697,-2.0092,0.83524
1,52,3,-0.35209,-1.9928,0.86014
2,52,3,-0.35209,-1.9928,0.86014
2,52,3,-0.35209,-1.9928,0.86014
3,52,3,-0.35209,-1.9928,0.86014
3,52,3,-0.38769,-1.9808,0.87254
4,52,3,-0.38769,-1.9808,0.87254
4,52,3,-0.38769,-1.9808,0.87254
0,53,3,0.076154,1.9084,-1.0897
0,53,3,0.076154,1.9084,-1.0897
1,53,3,0.076154,1.9084,-1.0897
1,53,3,0.11165,1.9133,-1.078
0,54,3,1.1097,1.2472,1.4311
0,54,3,1.1097,1.2472,1.4311
1,54,3,1.1097,1.2472,1.4311
1,54,3,1.0943,1.2608,1.4311
2,54,3,1.0943,1.2608,1.4311
2,54,3,1.0943,1.2608,1.4311
3,54,3,1.0943,1.2608,1.4311
3,54,3,1.0962,1.2474,1.4414
4,54,3,1.0962,1.2474,1.4414
4,54,3,1.0962,1.2474,1.4414
0,55,3,-1.8082,1.1593,-0.47067
0,55,3,-1.8082,1.1593,-0.47067
1,55,3,-1.8082,1.1593,-0.47067
1,55,3,-1.8139,1.1593,-0.44844
2,55,3,-1.8139,1.1593,-0.44844
2,55,3,-1.8139,1.1593,-0.44844
3,55,3,-1.8139,1.1593,-0.44844
3,55,3,-1.8069,1.1707,-0.44673
4,55,3,-1.8069,1.1707,-0.44673
4,55,3,-1.8069,1.1707,-0.44673
0,56,3,-0.077196,1.9345,-1.0425
0,56,3,-0.077196,1.9345,-1.0425
1,56,3,-0.077196,1.9345,-1.0425
1,56,3,-0.017992,1.9548,-1.0067
2,56,3,-0.017992,1.9548,-1.0067
2,56,3,-0.017992,1.9548,-1.0067
3,56,3,-0.017992,1.9548,-1.0067
3,56,3,-0.018049,1.961,-0.99467
4,56,3,-0.018049,1.961,-0.99467
4,56,3,-0.018049,1.961,-0.99467
0,57,3,0.24363,1.4002,-1.6779
0,57,3,0.24363,1.4002,-1.6779
1,57,3,0.24363,1.4002,-1.6779
1,57,3,0.23333,1.4002,-1.6793
2,57,3,0.23333,1.4002,-1.6793
2,57,3,0.23333,1.4002,-1.6793
3,57,3,0.23333,1.4002,-1.6793
3,57,3,0.23684,1.3687,-1.7046
4,57,3,0.23684,1.3687,-1.7046
4,57,3,0.23684,1.3687,-1.7046
0,58,3,-0.43735,1.7235,1.2936
0,58,3,-0.43735,1.7235,1.2936
1,58,3,-0.43735,1.7235,1.2936
1,58,3,-0.38494,1.7912,1.216
0,59,3,-0.95522,1.4515,1.3475
0,59,3,-0.95522,1.4515,1.3475
1,59,3,-0.95522,1.4515,1.3475
1,59,3,-0.92015,1.4717,1.35
2,59,3,-0.92015,1.4717,1.35
2,59,3,-0.92015,1.4717,1.35
3,59,3,-0.92015,1.4717,1.35
3,59,3,-0.93353,1.4616,1.3518
4,59,3,-0.93353,1.4616,1.3518
4,59,3,-0.93353,1.4616,1.3518
0,60,3,1.3428,1.7098,0.32932
0,60,3,1.3428,1.7098,0.32932
1,60,3,1.3428,1.7098,0.32932
1,60,3,1.3579,1.7074,0.27586
2,60,3,1.3579,1.7074,0.27586
2,60,3,1.3579,1.7074,0.27586
3,60,3,1.3579,1.7074,0.27586
3,60,3,1.3463,1.7143,0.28924
4,60,3,1.3463,1.7143,0.28924
4,60,3,1.3463,1.7143,0.28924
0,61,3,1.0207,1.0425,-1.6452
0,61,3,1.0207,1.0425,-1.6452
1,61,3,1.0207,1.0425,-1.6452
1,61,3,1.0408,1.0425,-1.6325
2,61,3,1.0408,1.0425,-1.6325
2,61,3,1.0408,1.0425,-1.6325
3,61,3,1.0408,1.0425,-1.6325
3,61,3,1.0543,1.0306,-1.6314
4,61,3,1.0543,1.0306,-1.6314
4,61,3,1.0543,1.0306,-1.6314
0,62,3,-1.4024,-0.56694,-1.5959
0,62,3,-1.4024,-0.56694,-1.5959
1,62,3,-1.4024,-0.56694,-1.5959
1,62,3,-1.4024,-0.56694,-1.5959
2,62,3,-1.4024,-0.56694,-1.5959
2,62,3,-1.4024,-0.56694,-1.5959
3,62,3,-1.4024,-0.56694,-1.5959
3,62,3,-1.385,-0.5539,-1.6156
4,62,3,-1.385,-0.5539,-1.6156
4,62,3,-1.385,-0.5539,-1.6156
0,63,3,-0.057465,2.0807,-0.70894
0,63,3,-0.057465,2.0807,-0.70894
1,63,3,-0.057465,2.0807,-0.70894
1,63,3,-0.057584,2.085,-0.69616
2,63,3,-0.057584,2.085,-0.69616
2,63,3,-0.057584,2.085,-0.69616
3,63,3,-0.057584,2.085,-0.69616
3,63,3,-0.057701,2.0892,-0.68334
4,63,3,-0.057701,2.0892,-0.68334
4,63,3,-0.057701,2.0892,-0.68334
0,64,3,2.0676,-0.044411,-0.74713
0,64,3,2.0676,-0.044411,-0.74713
1,64,3,2.0676,-0.044411,-0.74713
1,64,3,2.068,-0.019035,-0.74713
2,64,3,2.068,-0.019035,-0.74713
2,64,3,2.068,-0.019035,-0.74713
3,64,3,2.068,-0.019035,-0.74713
3,64,3,2.077,-0.019118,-0.7217
4,64,3,2.077,-0.019118,-0.7217
4,64,3,2.077,-0.019118,-0.7217
0,65,3,0.92289,-1.1362,1.6408
0,65,3,0.92289,-1.1362,1.6408
1,65,3,0.92289,-1.1362,1.6408
1,65,3,0.92629,-1.1247,1.6469
2,65,3,0.92629,-1.1247,1.6469
2,65,3,0.92629,-1.1247,1.6469
3,65,3,0.92629,-1.1247,1.6469
3,65,3,0.92629,-1.1247,1.6469
4,65,3,0.92629,-1.1247,1.6469
4,65,3,0.92629,-1.1247,1.6469
0,66,3,1.2983,-1.6324,-0.69616
0,66,3,1.2983,-1.6324,-0.69616
1,66,3,1.2983,-1.6324,-0.69616
1,66,3,1.2956,-1.6291,-0.70894
2,66,3,1.2956,-1.6291,-0.70894
2,66,3,1.2956,-1.6291,-0.70894
3,66,3,1.2956,-1.6291,-0.70894
3,66,3,1.2732,-1.6627,-0.67051
4,66,3,1.2732,-1.6627,-0.67051
4,66,3,1.2732,-1.6627,-0.67051
0,67,3,-1.2826,-1.0544,1.4416
0,67,3,-1.2826,-1.0544,1.4416
1,67,3,-1.2826,-1.0544,1.4416
1,67,3,-1.2985,-0.98262,1.4776
2,67,3,-1.2985,-0.98262,1.4776
2,67,3,-1.2985,-0.98262,1.4776
3,67,3,-1.2985,-0.98262,1.4776
3,67,3,-1.349,-0.90955,1.4792
4,67,3,-1.349,-0.90955,1.4792
4,67,3,-1.349,-0.90955,1.4792
0,68,3,0.32783,2.1643,-0.20881
0,68,3,0.32783,2.1643,-0.20881
1,68,3,0.32783,2.1643,-0.20881
1,68,3,0.30142,2.1694,-0.19538
2,68,3,0.30142,2.1694,-0.19538
2,68,3,0.30142,2.1694,-0.19538
3,68,3,0.30142,2.1694,-0.19538
3,68,3,0.28825,2.1723,-0.18194
4,68,3,0.28825,2.1723,-0.18194
4,68,3,0.28825,2.1723,-0.18194
0,69,3,-1.2308,-1.7591,0.4752
0,69,3,-1.2308,-1.7591,0.4752
1,69,3,-1.2308,-1.7591,0.4752
1,69,3,-1.2853,-1.7002,0.54083
2,69,3,-1.2853,-1.7002,0.54083
2,69,3,-1.2853,-1.7002,0.54083
3,69,3,-1.2853,-1.7002,0.54083
3,69,3,-1.1985,-1.7584,0.5539
4,69,3,-1.1985,-1.7584,0.5539
4,69,3,-1.1985,-1.7584,0.5539
0,70,3,-1.5546,1.5015,0.40466
0,70,3,-1.5546,1.5015,0.40466
1,70,3,-1.5546,1.5015,0.40466
1,70,3,-1.5571,1.5015,0.39511
2,70,3,-1.5571,1.5015,0.39511
2,70,3,-1.5571,1.5015,0.39511
3,70,3,-1.5571,1.5015,0.39511
3,70,3,-1.5739,1.3261,0.77418
4,70,3,-1.5739,1.3261,0.77418
4,70,3,-1.5739,1.3261,0.77418
0,71,3,-1.392,0.67051,1.5646
0,71,3,-1.392,0.67051,1.5646
1,71,3,-1.392,0.67051,1.5646
1,71,3,-1.5091,0.64476,1.4635
2,71,3,-1.5091,0.64476,1.4635
2,71,3,-1.5091,0.64476,1.4635
3,71,3,-1.5091,0.64476,1.4635
3,71,3,-1.5091,0.64476,1.4635
4,71,3,-1.5091,0.64476,1.4635
4,71,3,-1.5091,0.64476,1.4635
0,72,3,0.15157,2.1445,0.46201
0,72,3,0.15157,2.1445,0.46201
1,72,3,0.15157,2.1445,0.46201
1,72,3,0.16405,2.1346,0.50151
2,72,3,0.16405,2.1346,0.50151
2,72,3,0.16405,2.1346,0.50151
3,72,3,0.16405,2.1346,0.50151
3,72,3,0.13784,2.1365,0.50151
4,72,3,0.13784,2.1365,0.50151
4,72,3,0.13784,2.1365,0.50151
0,73,3,-0.20902,2.0575,-0.74713
0,73,3,-0.20902,2.0575,-0.74713
1,73,3,-0.20902,2.0575,-0.74713
1,73,3,-0.20948,2.062,-0.73443
0,74,3,-0.1182,-2.0255,0.84771
0,74,3,-0.1182,-2.0255,0.84771
1,74,3,-0.1182,-2.0255,0.84771
1,74,3,-0.1179,-2.0202,0.86014
2,74,3,-0.1179,-2.0202,0.86014
2,74,3,-0.1179,-2.0202,0.86014
3,74,3,-0.1179,-2.0202,0.86014
3,74,3,-0.093096,-2.0215,0.86014
4,74,3,-0.093096,-2.0215,0.86014
4,74,3,-0.093096,-2.0215,0.86014
0,75,3,0.25876,1.95,0.98262
0,75,3,0.25876,1.95,0.98262
1,75,3,0.25876,1.95,0.98262
1,75,3,0.25796,1.944,0.99467
2,75,3,0.25796,1.944,0.99467
2,75,3,0.25796,1.944,0.99467
3,75,3,0.25796,1.944,0.99467
3,75,3,0.23481,1.9531,0.98262
4,75,3,0.23481,1.9531,0.98262
4,75,3,0.23481,1.9531,0.98262
0,76,3,-0.95533,1.9125,-0.51463
0,76,3,-0.95533,1.9125,-0.51463
1,76,3,-0.95533,1.9125,-0.51463
1,76,3,-0.9132,1.9462,-0.46201
2,76,3,-0.9132,1.9462,-0.46201
2,76,3,-0.9132,1.9462,-0.46201
3,76,3,-0.9132,1.9462,-0.46201
3,76,3,-0.94629,1.9238,-0.48836
4,76,3,-0.94629,1.9238,-0.48836
4,76,3,-0.94629,1.9238,-0.48836
0,77,3,-0.88983,1.7544,0.98262
0,77,3,-0.88983,1.7544,0.98262
1,77,3,-0.88983,1.7544,0.98262
1,77,3,-0.8978,1.7435,0.99467
2,77,3,-0.8978,1.7435,0.99467
2,77,3,-0.8978,1.7435,0.99467
3,77,3,-0.8978,1.7435,0.99467
3,77,3,-0.8815,1.7379,1.0187
4,77,3,-0.8815,1.7379,1.0187
4,77,3,-0.8815,1.7379,1.0187
0,78,3,-0.43936,1.3897,1.6464
0,78,3,-0.43936,1.3897,1.6464
1,78,3,-0.43936,1.3897,1.6464
1,78,3,-0.45169,1.3793,1.6519
2,78,3,-0.45169,1.3793,1.6519
2,78,3,-0.45169,1.3793,1.6519
3,78,3,-0.45169,1.3793,1.6519
3,78,3,-0.47722,1.4002,1.6269
4,78,3,-0.47722,1.4002,1.6269
4,78,3,-0.47722,1.4002,1.6269
0,79,3,-1.7951,1.2495,0.22699
0,79,3,-1.7951,1.2495,0.22699
1,79,3,-1.7951,1.2495,0.22699
1,79,3,-1.8012,1.2384,0.23901
2,79,3,-1.8012,1.2384,0.23901
2,79,3,-1.8012,1.2384,0.23901
3,79,3,-1.8012,1.2384,0.23901
3,79,3,-1.7874,1.2606,0.22603
4,79,3,-1.7874,1.2606,0.22603
4,79,3,-1.7874,1.2606,0.22603
0,80,3,-1.0407,1.9328,0.1281
0,80,3,-1.0407,1.9328,0.1281
1,80,3,-1.0407,1.9328,0.1281
1,80,3,-1.0169,1.9454,0.1281
2,80,3,-1.0169,1.9454,0.1281
2,80,3,-1.0169,1.9454,0.1281
3,80,3,-1.0169,1.9454,0.1281
3,80,3,-1.0176,1.9466,0.10116
4,80,3,-1.0176,1.9466,0.10116
4,80,3,-1.0176,1.9466,0.10116
0,81,3,0.9941,1.9599,-0.074193
0,81,3,0.9941,1.9599,-0.074193
1,81,3,0.9941,1.9599,-0.074193
1,81,3,1.0181,1.9476,-0.074193
0,82,3,0.57107,0.84771,-1.9469
0,82,3,0.57107,0.84771,-1.9469
1,82,3,0.57107,0.84771,-1.9469
1,82,3,0.5815,0.86014,-1.9383
0,83,3,0.18191,-0.033729,2.1911
0,83,3,0.18191,-0.033729,2.1911
1,83,3,0.18191,-0.033729,2.1911
1,83,3,0.15497,-0.060707,2.1926
0,84,3,-0.34225,-1.9371,0.98262
0,84,3,-0.34225,-1.9371,0.98262
1,84,3,-0.34225,-1.9371,0.98262
1,84,3,-0.35304,-1.929,0.99467
2,84,3,-0.35304,-1.929,0.99467
2,84,3,-0.35304,-1.929,0.99467
3,84,3,-0.35304,-1.929,0.99467
3,84,3,-0.35304,-1.929,0.99467
4,84,3,-0.35304,-1.929,0.99467
4,84,3,-0.35304,-1.929,0.99467
0,85,3,0.57526,0.90955,-1.9175
0,85,3,0.57526,0.90955,-1.9175
1,85,3,0.57526,0.90955,-1.9175
1,85,3,0.58864,0.89725,-1.9193
0,86,3,-0.458,-0.28924,2.1311
0,86,3,-0.458,-0.28924,2.1311
1,86,3,-0.458,-0.28924,2.1311
1,86,3,-0.40556,-0.28924,2.1417
0,87,3,-0.94289,-0.61891,1.8876
0,87,3,-0.94289,-0.61891,1.8876
1,87,3,-0.94289,-0.61891,1.8876
1,87,3,-0.93129,-0.61891,1.8934
2,87,3,-0.93129,-0.61891,1.8934
2,87,3,-0.93129,-0.61891,1.8934
3,87,3,-0.93129,-0.61891,1.8934
3,87,3,-0.91628,-0.64476,1.8921
4,87,3,-0.91628,-0.64476,1.8921
4,87,3,-0.91628,-0.64476,1.8921
0,88,3,1.4786,-0.38257,-1.5819
0,88,3,1.4786,-0.38257,-1.5819
1,88,3,1.4786,-0.38257,-1.5819
1,88,3,1.4883,-0.38257,-1.5728
2,88,3,1.4883,-0.38257,-1.5728
2,88,3,1.4883,-0.38257,-1.5728
3,88,3,1.4883,-0.38257,-1.5728
3,88,3,1.4786,-0.38257,-1.5819
4,88,3,1.4786,-0.38257,-1.5819
4,88,3,1.4786,-0.38257,-1.5819
0,89,3,0.23781,1.5211,-1.57
0,89,3,0.23781,1.5211,-1.57
1,89,3,0.23781,1.5211,-1.57
1,89,3,0.24889,1.5113,-1.5777
2,89,3,0.24889,1.5113,-1.5777
2,89,3,0.24889,1.5113,-1.5777
3,89,3,0.24889,1.5113,-1.5777
3,89,3,0.26823,1.5113,-1.5745
4,89,3,0.26823,1.5113,-1.5745
4,89,3,0.26823,1.5113,-1.5745
0,90,3,-0.86424,1.9992,0.30261
0,90,3,-0.86424,1.9992,0.30261
1,90,3,-0.86424,1.9992,0.30261
1,90,3,-0.85267,2.0061,0.28924
2,90,3,-0.85267,2.0061,0.28924
2,90,3,-0.85267,2.0061,0.28924
3,90,3,-0.85267,2.0061,0.28924
3,90,3,-0.85267,2.0061,0.28924
4,90,3,-0.85267,2.0061,0.28924
4,90,3,-0.85267,2.0061,0.28924
0,91,3,0.08583,-0.44881,2.1509
0,91,3,0.08583,-0.44881,2.1509
1,91,3,0.08583,-0.44881,2.1509
1,91,3,0.059272,-0.4752,2.1461
2,91,3,0.059272,-0.4752,2.1461
2,91,3,0.059272,-0.4752,2.1461
3,91,3,0.059272,-0.4752,2.1461
3,91,3,0.072537,-0.46201,2.1486
4,91,3,0.072537,-0.46201,2.1486
4,91,3,0.072537,-0.46201,2.1486
0,92,3,0.03325,-0.36928,2.1674
0,92,3,0.03325,-0.36928,2.1674
1,92,3,0.03325,-0.36928,2.1674
1,92,3,0.073061,-0.38257,2.1641
2,92,3,0.073061,-0.38257,2.1641
2,92,3,0.073061,-0.38257,2.1641
3,92,3,0.073061,-0.38257,2.1641
3,92,3,0.11288,-0.38257,2.1624
4,92,3,0.11288,-0.38257,2.1624
4,92,3,0.11288,-0.38257,2.1624
0,93,3,-0.69244,-1.3045,1.6291
0,93,3,-0.69244,-1.3045,1.6291
1,93,3,-0.69244,-1.3045,1.6291
1,93,3,-0.72554,-1.3261,1.597
2,93,3,-0.72554,-1.3261,1.597
2,93,3,-0.72554,-1.3261,1.597
3,93,3,-0.72554,-1.3261,1.597
3,93,3,-0.73532,-1.3261,1.5925
4,93,3,-0.73532,-1.3261,1.5925
4,93,3,-0.73532,-1.3261,1.5925
0,94,3,0.22699,1.7951,-1.2495
0,94,3,0.22699,1.7951,-1.2495
1,94,3,0.22699,1.7951,-1.2495
1,94,3,0.23597,1.7783,-1.2717
2,94,3,0.23597,1.7783,-1.2717
2,94,3,0.23597,1.7783,-1.2717
3,94,3,0.23597,1.7783,-1.2717
3,94,3,0.23597,1.7783,-1.2717
4,94,3,0.23597,1.7783,-1.2717
4,94,3,0.23597,1.7783,-1.2717
0,95,3,-1.7627,0.90955,0.94913
0,95,3,-1.7627,0.90955,0.94913
1,95,3,-1.7627,0.90955,0.94913
1,95,3,-1.7627,0.90955,0.94913
0,96,3,-0.85307,-0.46201,1.9733
0,96,3,-0.85307,-0.46201,1.9733
1,96,3,-0.85307,-0.46201,1.9733
1,96,3,-0.85307,-0.46201,1.9733
0,97,3,-0.91557,1.3261,1.4961
0,97,3,-0.91557,1.3261,1.4961
1,97,3,-0.91557,1.3261,1.4961
1,97,3,-0.92042,1.3368,1.4835
0,98,3,-0.61192,1.4106,1.572
0,98,3,-0.61192,1.4106,1.572
1,98,3,-0.61192,1.4106,1.572
1,98,3,-0.60226,1.4106,1.5757
0,99,3,0.22853,1.6448,-1.4414
0,99,3,0.22853,1.6448,-1.4414
1,99,3,0.22853,1.6448,-1.4414
1,99,3,0.24603,1.6243,-1.4616
2,99,3,0.24603,1.6243,-1.4616
2,99,3,0.24603,1.6243,-1.4616
3,99,3,0.24603,1.6243,-1.4616
3,99,3,0.26449,1.6122,-1.4717
4,99,3,0.26449,1.6122,-1.4717
4,99,3,0.26449,1.6122,-1.4717
0,100,3,-1.9208,1.0067,-0.36372
0,100,3,-1.9208,1.0067,-0.36372
1,100,3,-1.9208,1.0067,-0.36372
1,100,3,-1.9251,1.0067,-0.34013
2,100,3,-1.9251,1.0067,-0.34013
2,100,3,-1.9251,1.0067,-0.34013
3,100,3,-1.9251,1.0067,-0.34013
3,100,3,-1.9312,0.99467,-0.34119
4,100,3,-1.9312,0.99467,-0.34119
4,100,3,-1.9312,0.99467,-0.34119
0,101,3,-0.48123,2.0544,-0.61891
0,101,3,-0.48123,2.0544,-0.61891
1,101,3,-0.48123,2.0544,-0.61891
1,101,3,-0.48209,2.058,-0.60595
2,101,3,-0.48209,2.058,-0.60595
2,101,3,-0.48209,2.058,-0.60595
3,101,3,-0.48209,2.058,-0.60595
3,101,3,-0.52254,2.0593,-0.56694
4,101,3,-0.52254,2.0593,-0.56694
4,101,3,-0.52254,2.0593,-0.56694
0,102,3,-0.71199,1.1935,1.7041
0,102,3,-0.71199,1.1935,1.7041
1,102,3,-0.71199,1.1935,1.7041
1,102,3,-0.70629,1.216,1.6904
2,102,3,-0.70629,1.216,1.6904
2,102,3,-0.70629,1.216,1.6904
3,102,3,-0.70629,1.216,1.6904
3,102,3,-0.70777,1.2495,1.6652
4,102,3,-0.70777,1.2495,1.6652
4,102,3,-0.70777,1.2495,1.6652
0,103,3,-1.0883,-0.63185,1.8032
0,103,3,-1.0883,-0.63185,1.8032
1,103,3,-1.0883,-0.63185,1.8032
1,103,3,-1.0752,-0.64476,1.8065
2,103,3,-1.0752,-0.64476,1.8065
2,103,3,-1.0752,-0.64476,1.8065
3,103,3,-1.0752,-0.64476,1.8065
3,103,3,-1.0661,-0.63185,1.8164
4,103,3,-1.0661,-0.63185,1.8164
4,103,3,-1.0661,-0.63185,1.8164
0,104,3,-0.76041,-1.1247,1.7298
0,104,3,-0.76041,-1.1247,1.7298
1,104,3,-0.76041,-1.1247,1.7298
1,104,3,-0.76861,-1.0897,1.7484
2,104,3,-0.76861,-1.0897,1.7484
2,104,3,-0.76861,-1.0897,1.7484
3,104,3,-0.76861,-1.0897,1.7484
3,104,3,-0.7659,-1.1014,1.7423
4,104,3,-0.7659,-1.1014,1.7423
4,104,3,-0.7659,-1.1014,1.7423
0,105,3,-0.90723,1.8734,-0.70894
0,105,3,-0.90723,1.8734,-0.70894
1,105,3,-0.90723,1.8734,-0.70894
1,105,3,-0.91095,1.8811,-0.68334
2,105,3,-0.91095,1.8811,-0.68334
2,105,3,-0.91095,1.8811,-0.68334
3,105,3,-0.91095,1.8811,-0.68334
3,105,3,-0.89939,1.8866,-0.68334
4,105,3,-0.89939,1.8866,-0.68334
4,105,3,-0.89939,1.8866,-0.68334
0,106,3,-0.73412,1.4616,1.4696
0,106,3,-0.73412,1.4616,1.4696
1,106,3,-0.73412,1.4616,1.4696
1,106,3,-0.75619,1.4515,1.4685
2,106,3,-0.75619,1.4515,1.4685
2,106,3,-0.75619,1.4515,1.4685
3,106,3,-0.75619,1.4515,1.4685
3,106,3,-0.72903,1.4515,1.4821
4,106,3,-0.72903,1.4515,1.4821
4,106,3,-0.72903,1.4515,1.4821
0,107,3,1.1033,1.803,0.60595
0,107,3,1.1033,1.803,0.60595
1,107,3,1.1033,1.803,0.60595
1,107,3,1.0772,1.8098,0.63185
2,107,3,1.0772,1.8098,0.63185
2,107,3,1.0772,1.8098,0.63185
3,107,3,1.0772,1.8098,0.63185
3,107,3,1.0641,1.813,0.64476
4,107,3,1.0641,1.813,0.64476
4,107,3,1.0641,1.813,0.64476
0,108,3,1.0165,1.9447,0.14157
0,108,3,1.0165,1.9447,0.14157
1,108,3,1.0165,1.9447,0.14157
1,108,3,1.0403,1.932,0.14157
0,109,3,-0.67062,0.42237,2.0511
0,109,3,-0.67062,0.42237,2.0511
1,109,3,-0.67062,0.42237,2.0511
1,109,3,-0.67141,0.40912,2.0535
2,109,3,-0.67141,0.40912,2.0535
2,109,3,-0.67141,0.40912,2.0535
3,109,3,-0.67141,0.40912,2.0535
3,109,3,-0.67062,0.42237,2.0511
4,109,3,-0.67062,0.42237,2.0511
4,109,3,-0.67062,0.42237,2.0511
0,110,3,-1.2624,1.7131,0.5539
0,110,3,-1.2624,1.7131,0.5539
1,110,3,-1.2624,1.7131,0.5539
1,110,3,-1.2997,1.6974,0.51463
0,111,3,-0.26423,2.0895,-0.63185
0,111,3,-0.26423,2.0895,-0.63185
1,111,3,-0.26423,2.0895,-0.63185
1,111,3,-0.27755,2.0917,-0.61891
2,111,3,-0.27755,2.0917,-0.61891
2,111,3,-0.27755,2.0917,-0.61891
3,111,3,-0.27755,2.0917,-0.61891
3,111,3,-0.28985,2.0861,-0.63185
4,111,3,-0.28985,2.0861,-0.63185
4,111,3,-0.28985,2.0861,-0.63185
0,112,3,-1.0294,1.884,-0.4752
0,112,3,-1.0294,1.884,-0.4752
1,112,3,-1.0294,1.884,-0.4752
1,112,3,-1.0294,1.884,-0.4752
2,112,3,-1.0294,1.884,-0.4752
2,112,3,-1.0294,1.884,-0.4752
3,112,3,-1.0294,1.884,-0.4752
3,112,3,-1.0294,1.884,-0.4752
4,112,3,-1.0294,1.884,-0.4752
4,112,3,-1.0294,1.884,-0.4752
0,113,3,-0.63106,2.0134,0.61891
0,113,3,-0.63106,2.0134,0.61891
1,113,3,-0.63106,2.0134,0.61891
1,113,3,-0.64455,2.0131,0.60595
2,113,3,-0.64455,2.0131,0.60595
2,113,3,-0.64455,2.0131,0.60595
3,113,3,-0.64455,2.0131,0.60595
3,113,3,-0.64567,2.0166,0.59297
4,113,3,-0.64567,2.0166,0.59297
4,113,3,-0.64567,2.0166,0.59297
0,114,3,-1.8741,1.1014,-0.33112
0,114,3,-1.8741,1.1014,-0.33112
1,114,3,-1.8741,1.1014,-0.33112
1,114,3,-1.8787,1.0897,-0.34383
0,115,3,-0.97141,1.8309,0.73443
0,115,3,-0.97141,1.8309,0.73443
1,115,3,-0.97141,1.8309,0.73443
1,115,3,-0.95092,1.8466,0.7217
2,115,3,-0.95092,1.8466,0.7217
2,115,3,-0.95092,1.8466,0.7217
3,115,3,-0.95092,1.8466,0.7217
3,115,3,-0.96491,1.8186,0.77246
4,115,3,-0.96491,1.8186,0.77246
4,115,3,-0.96491,1.8186,0.77246
0,116,3,-0.83588,-1.0306,1.7534
0,116,3,-0.83588,-1.0306,1.7534
1,116,3,-0.83588,-1.0306,1.7534
1,116,3,-0.8439,-0.99467,1.7702
0,117,3,0.56473,-2.0166,-0.67051
0,117,3,0.56473,-2.0166,-0.67051
1,117,3,0.56473,-2.0166,-0.67051
1,117,3,0.56473,-2.0166,-0.67051
0,118,3,0.043897,0.81022,-2.0437
0,118,3,0.043897,0.81022,-2.0437
1,118,3,0.043897,0.81022,-2.0437
1,118,3,0.043897,0.81022,-2.0437
2,118,3,0.043897,0.81022,-2.0437
2,118,3,0.043897,0.81022,-2.0437
3,118,3,0.043897,0.81022,-2.0437
3,118,3,0.056298,0.82275,-2.0384
4,118,3,0.056298,0.82275,-2.0384
4,118,3,0.056298,0.82275,-2.0384
0,119,3,0.20836,1.2048,-1.8276
0,119,3,0.20836,1.2048,-1.8276
1,119,3,0.20836,1.2048,-1.8276
1,119,3,0.19714,1.2048,-1.8289
0,120,3,-1.8885,0.9584,0.59189
0,120,3,-1.8885,0.9584,0.59189
1,120,3,-1.8885,0.9584,0.59189
1,120,3,-1.8851,0.99467,0.54041
2,120,3,-1.8851,0.99467,0.54041
2,120,3,-1.8851,0.99467,0.54041
3,120,3,-1.8851,0.99467,0.54041
3,120,3,-1.8876,0.98262,0.55368
4,120,3,-1.8876,0.98262,0.55368
4,120,3,-1.8876,0.98262,0.55368
0,121,3,-0.5365,1.9621,0.83524
0,121,3,-0.5365,1.9621,0.83524
1,121,3,-0.5365,1.9621,0.83524
1,121,3,-0.54853,1.9587,0.83524
2,121,3,-0.54853,1.9587,0.83524
2,121,3,-0.54853,1.9587,0.83524
3,121,3,-0.54853,1.9587,0.83524
3,121,3,-0.56054,1.9553,0.83524
4,121,3,-0.56054,1.9553,0.83524
4,121,3,-0.56054,1.9553,0.83524
0,122,3,1.2242,1.82,0.15503
0,122,3,1.2242,1.82,0.15503
1,122,3,1.2242,1.82,0.15503
1,122,3,1.2,1.8322,0.19538
2,122,3,1.2,1.8322,0.19538
2,122,3,1.2,1.8322,0.19538
3,122,3,1.2,1.8322,0.19538
3,122,3,1.1426,1.8671,0.20882
4,122,3,1.1426,1.8671,0.20882
4,122,3,1.1426,1.8671,0.20882
0,123,3,-0.93468,1.9606,0.34265
0,123,3,-0.93468,1.9606,0.34265
1,123,3,-0.93468,1.9606,0.34265
1,123,3,-0.90872,1.968,0.36928
2,123,3,-0.90872,1.968,0.36928
2,123,3,-0.90872,1.968,0.36928
3,123,3,-0.90872,1.968,0.36928
3,123,3,-0.89844,1.9775,0.34265
4,123,3,-0.89844,1.9775,0.34265
4,123,3,-0.89844,1.9775,0.34265
0,124,3,-0.57502,-1.8749,0.99467
0,124,3,-0.57502,-1.8749,0.99467
1,124,3,-0.57502,-1.8749,0.99467
1,124,3,-0.58468,-1.8654,1.0067
2,124,3,-0.58468,-1.8654,1.0067
2,124,3,-0.58468,-1.8654,1.0067
3,124,3,-0.58468,-1.8654,1.0067
3,124,3,-0.58282,-1.8595,1.0187
4,124,3,-0.58282,-1.8595,1.0187
4,124,3,-0.58282,-1.8595,1.0187
0,125,3,-0.79259,1.7734,1.0306
0,125,3,-0.79259,1.7734,1.0306
1,125,3,-0.79259,1.7734,1.0306
1,125,3,-0.76228,1.7934,1.0187
2,125,3,-0.76228,1.7934,1.0187
2,125,3,-0.76228,1.7934,1.0187
3,125,3,-0.76228,1.7934,1.0187
3,125,3,-0.75126,1.7981,1.0187
4,125,3,-0.75126,1.7981,1.0187
4,125,3,-0.75126,1.7981,1.0187
0,126,3,1.1473,1.8749,0.060708
0,126,3,1.1473,1.8749,0.060708
1,126,3,1.1473,1.8749,0.060708
1,126,3,1.101,1.9024,0.060708
2,126,3,1.101,1.9024,0.060708
2,126,3,1.101,1.9024,0.060708
3,126,3,1.101,1.9024,0.060708
3,126,3,1.0656,1.922,0.074193
4,126,3,1.0656,1.922,0.074193
4,126,3,1.0656,1.922,0.074193
0,127,3,-1.0529,-0.56694,1.8453
0,127,3,-1.0529,-0.56694,1.8453
1,127,3,-1.0529,-0.56694,1.8453
1,127,3,-1.0398,-0.57997,1.8487
2,127,3,-1.0398,-0.57997,1.8487
2,127,3,-1.0398,-0.57997,1.8487
3,127,3,-1.0398,-0.57997,1.8487
3,127,3,-1.0511,-0.57997,1.8423
4,127,3,-1.0511,-0.57997,1.8423
4,127,3,-1.0511,-0.57997,1.8423
0,128,3,1.0805,1.841,0.52774
0,128,3,1.0805,1.841,0.52774
1,128,3,1.0805,1.841,0.52774
1,128,3,1.0934,1.837,0.51463
2,128,3,1.0934,1.837,0.51463
2,128,3,1.0934,1.837,0.51463
3,128,3,1.0934,1.837,0.51463
3,128,3,1.0692,1.8475,0.52774
4,128,3,1.0692,1.8475,0.52774
4,128,3,1.0692,1.8475,0.52774
0,129,3,1.0304,1.942,0.047219
0,129,3,1.0304,1.942,0.047219
1,129,3,1.0304,1.942,0.047219
1,129,3,0.99463,1.961,0.020238
2,129,3,0.99463,1.961,0.020238
2,129,3,0.99463,1.961,0.020238
3,129,3,0.99463,1.961,0.020238
3,129,3,0.94603,1.9844,0.047219
4,129,3,0.94603,1.9844,0.047219
4,129,3,0.94603,1.9844,0.047219
0,130,3,-0.54212,1.4515,1.5602
0,130,3,-0.54212,1.4515,1.5602
1,130,3,-0.54212,1.4515,1.5602
1,130,3,-0.5201,1.4616,1.5583
0,131,3,-1.2335,1.6109,0.84771
0,131,3,-1.2335,1.6109,0.84771
1,131,3,-1.2335,1.6109,0.84771
1,131,3,-1.2136,1.6259,0.84771
2,131,3,-1.2136,1.6259,0.84771
2,131,3,-1.2136,1.6259,0.84771
3,131,3,-1.2136,1.6259,0.84771
3,131,3,-1.1842,1.6278,0.88491
4,131,3,-1.1842,1.6278,0.88491
4,131,3,-1.1842,1.6278,0.88491
0,132,3,0.66896,0.44881,2.046
0,132,3,0.66896,0.44881,2.046
1,132,3,0.66896,0.44881,2.046
1,132,3,0.66896,0.44881,2.046
0,133,3,0.018769,2.0391,-0.82275
0,133,3,0.018769,2.0391,-0.82275
1,133,3,0.018769,2.0391,-0.82275
1,133,3,0.031042,2.0234,-0.86014
2,133,3,0.031042,2.0234,-0.86014
2,133,3,0.031042,2.0234,-0.86014
3,133,3,0.031042,2.0234,-0.86014
3,133,3,0.031357,2.0439,-0.81022
4,133,3,0.031357,2.0439,-0.81022
4,133,3,0.031357,2.0439,-0.81022
0,134,3,0.16263,1.7048,-1.3793
0,134,3,0.16263,1.7048,-1.3793
1,134,3,0.16263,1.7048,-1.3793
1,134,3,0.16263,1.7048,-1.3793
2,134,3,0.16263,1.7048,-1.3793
2,134,3,0.16263,1.7048,-1.3793
3,134,3,0.16263,1.7048,-1.3793
3,134,3,0.18171,1.6857,-1.4002
4,134,3,0.18171,1.6857,-1.4002
4,134,3,0.18171,1.6857,-1.4002
0,135,3,0.96846,1.9094,0.50151
0,135,3,0.96846,1.9094,0.50151
1,135,3,0.96846,1.9094,0.50151
1,135,3,0.97873,1.9006,0.51463
2,135,3,0.97873,1.9006,0.51463
2,135,3,0.97873,1.9006,0.51463
3,135,3,0.97873,1.9006,0.51463
3,135,3,0.95533,1.9125,0.51463
4,135,3,0.95533,1.9125,0.51463
4,135,3,0.95533,1.9125,0.51463
0,136,3,-1.8005,1.2272,0.29537
0,136,3,-1.8005,1.2272,0.29537
1,136,3,-1.8005,1.2272,0.29537
1,136,3,-1.7948,1.2384,0.28314
2,136,3,-1.7948,1.2384,0.28314
2,136,3,-1.7948,1.2384,0.28314
3,136,3,-1.7948,1.2384,0.28314
3,136,3,-1.7855,1.2495,0.29291
4,136,3,-1.7855,1.2495,0.29291
4,136,3,-1.7855,1.2495,0.29291
0,137,3,0.39724,0.74713,-2.0296
0,137,3,0.39724,0.74713,-2.0296
1,137,3,0.39724,0.74713,-2.0296
1,137,3,0.38645,0.7217,-2.0408
0,138,3,-0.56758,1.3581,1.6335
0,138,3,-0.56758,1.3581,1.6335
1,138,3,-0.56758,1.3581,1.6335
1,138,3,-0.55214,1.3793,1.6211
0,139,3,-1.0844,1.4616,1.234
0,139,3,-1.0844,1.4616,1.234
1,139,3,-1.0844,1.4616,1.234
1,139,3,-1.0634,1.4717,1.2404
0,140,3,-0.84881,1.7257,1.0662
0,140,3,-0.84881,1.7257,1.0662
1,140,3,-0.84881,1.7257,1.0662
1,140,3,-0.83821,1.7308,1.0662
2,140,3,-0.83821,1.7308,1.0662
2,140,3,-0.83821,1.7308,1.0662
3,140,3,-0.83821,1.7308,1.0662
3,140,3,-0.83821,1.7308,1.0662
4,140,3,-0.83821,1.7308,1.0662
4,140,3,-0.83821,1.7308,1.0662
0,141,3,0.10102,-0.11463,2.1936
0,141,3,0.10102,-0.11463,2.1936
1,141,3,0.10102,-0.11463,2.1936
1,141,3,0.087527,-0.1281,2.1934
2,141,3,0.087527,-0.1281,2.1934
2,141,3,0.087527,-0.1281,2.1934
3,141,3,0.087527,-0.1281,2.1934
3,141,3,0.10098,-0.1281,2.1928
4,141,3,0.10098,-0.1281,2.1928
4,141,3,0.10098,-0.1281,2.1928
0,142,3,0.49386,0.38257,2.1083
0,142,3,0.49386,0.38257,2.1083
1,142,3,0.49386,0.38257,2.1083
1,142,3,0.50732,0.36928,2.1075
2,142,3,0.50732,0.36928,2.1075
2,142,3,0.50732,0.36928,2.1075
3,142,3,0.50732,0.36928,2.1075
3,142,3,0.54659,0.35597,2.0999
4,142,3,0.54659,0.35597,2.0999
4,142,3,0.54659,0.35597,2.0999
0,143,3,-0.88296,1.9435,0.52774
0,143,3,-0.88296,1.9435,0.52774
1,143,3,-0.88296,1.9435,0.52774
1,143,3,-0.85905,1.9541,0.52774
0,144,3,-0.87737,-0.88491,1.8117
0,144,3,-0.87737,-0.88491,1.8117
1,144,3,-0.87737,-0.88491,1.8117
1,144,3,-0.89954,-0.88491,1.8008
2,144,3,-0.89954,-0.88491,1.8008
2,144,3,-0.89954,-0.88491,1.8008
3,144,3,-0.89954,-0.88491,1.8008
3,144,3,-0.87737,-0.88491,1.8117
4,144,3,-0.87737,-0.88491,1.8117
4,144,3,-0.87737,-0.88491,1.8117
0,145,3,1.1943,-1.8235,0.28924
0,145,3,1.1943,-1.8235,0.28924
1,145,3,1.1943,-1.8235,0.28924
1,145,3,1.2156,-1.8072,0.30261
0,146,3,0.93404,1.9906,-0.006746
0,146,3,0.93404,1.9906,-0.006746
1,146,3,0.93404,1.9906,-0.006746
1,146,3,0.93404,1.9906,-0.006746
0,147,3,0.64461,0.4356,2.0567
0,147,3,0.64461,0.4356,2.0567
1,147,3,0.64461,0.4356,2.0567
1,147,3,0.64461,0.4356,2.0567
2,147,3,0.64461,0.4356,2.0567
2,147,3,0.64461,0.4356,2.0567
3,147,3,0.64461,0.4356,2.0567
3,147,3,0.64461,0.4356,2.0567
4,147,3,0.64461,0.4356,2.0567
4,147,3,0.64461,0.4356,2.0567
0,148,3,-1.0405,-0.35597,1.9042
0,148,3,-1.0405,-0.35597,1.9042
1,148,3,-1.0405,-0.35597,1.9042
1,148,3,-1.0637,-0.35597,1.8913
2,148,3,-1.0637,-0.35597,1.8913
2,148,3,-1.0637,-0.35597,1.8913
3,148,3,-1.0637,-0.35597,1.8913
3,148,3,-1.0637,-0.35597,1.8913
4,148,3,-1.0637,-0.35597,1.8913
4,148,3,-1.0637,-0.35597,1.8913
0,149,3,0.18009,1.8878,-1.1131
0,149,3,0.18009,1.8878,-1.1131
1,149,3,0.18009,1.8878,-1.1131
1,149,3,0.19235,1.8934,-1.1014
2,149,3,0.19235,1.8934,-1.1014
2,149,3,0.19235,1.8934,-1.1014
3,149,3,0.19235,1.8934,-1.1014
3,149,3,0.20397,1.8922,-1.1014
4,149,3,0.20397,1.8922,-1.1014
4,149,3,0.20397,1.8922,-1.1014
0,150,3,1.0464,0.94624,-1.6866
0,150,3,1.0464,0.94624,-1.6866
1,150,3,1.0464,0.94624,-1.6866
1,150,3,1.0464,0.94624,-1.6866
2,150,3,1.0464,0.94624,-1.6866
2,150,3,1.0464,0.94624,-1.6866
3,150,3,1.0464,0.94624,-1.6866
3,150,3,1.0464,0.94624,-1.6866
4,150,3,1.0464,0.94624,-1.6866
4,150,3,1.0464,0.94624,-1.6866
0,151,3,-0.19151,-0.4356,2.1468
0,151,3,-0.19151,-0.4356,2.1468
1,151,3,-0.19151,-0.4356,2.1468
1,151,3,-0.13859,-0.44881,2.1481
2,151,3,-0.13859,-0.44881,2.1481
2,151,3,-0.13859,-0.44881,2.1481
3,151,3,-0.13859,-0.44881,2.1481
3,151,3,-0.12541,-0.44881,2.1489
4,151,3,-0.12541,-0.44881,2.1489
4,151,3,-0.12541,-0.44881,2.1489
0,152,3,-0.018768,0.82275,-2.0391
0,152,3,-0.018768,0.82275,-2.0391
1,152,3,-0.018768,0.82275,-2.0391
1,152,3,-0.01886,0.79766,-2.049
0,153,3,-1.0395,1.5113,1.2126
0,153,3,-1.0395,1.5113,1.2126
1,153,3,-1.0395,1.5113,1.2126
1,153,3,-1.0246,1.5113,1.2253
0,154,3,0.13956,-0.36928,2.1632
0,154,3,0.13956,-0.36928,2.1632
1,154,3,0.13956,-0.36928,2.1632
1,154,3,0.16609,-0.36928,2.1613
0,155,3,0.94389,1.9799,-0.15503
0,155,3,0.94389,1.9799,-0.15503
1,155,3,0.94389,1.9799,-0.15503
1,155,3,0.9313,1.9848,-0.16849
2,155,3,0.9313,1.9848,-0.16849
2,155,3,0.9313,1.9848,-0.16849
3,155,3,0.9313,1.9848,-0.16849
3,155,3,0.95602,1.9741,-0.15503
4,155,3,0.95602,1.9741,-0.15503
4,155,3,0.95602,1.9741,-0.15503
0,156,3,-0.73788,1.8955,0.83524
0,156,3,-0.73788,1.8955,0.83524
1,156,3,-0.73788,1.8955,0.83524
1,156,3,-0.74759,1.8862,0.84771
2,156,3,-0.74759,1.8862,0.84771
2,156,3,-0.74759,1.8862,0.84771
3,156,3,-0.74759,1.8862,0.84771
3,156,3,-0.76667,1.8671,0.87254
4,156,3,-0.76667,1.8671,0.87254
4,156,3,-0.76667,1.8671,0.87254
0,157,3,-1.8474,1.1593,-0.27983
0,157,3,-1.8474,1.1593,-0.27983
1,157,3,-1.8474,1.1593,-0.27983
1,157,3,-1.8491,1.1593,-0.26849
2,157,3,-1.8491,1.1593,-0.26849
2,157,3,-1.8491,1.1593,-0.26849
3,157,3,-1.8491,1.1593,-0.26849
3,157,3,-1.8577,1.1478,-0.25812
4,157,3,-1.8577,1.1478,-0.25812
4,157,3,-1.8577,1.1478,-0.25812
0,158,3,0.15368,-0.28924,2.1744
0,158,3,0.15368,-0.28924,2.1744
1,158,3,0.15368,-0.28924,2.1744
1,158,3,0.16728,-0.26247,2.1768
2,158,3,0.16728,-0.26247,2.1768
2,158,3,0.16728,-0.26247,2.1768
3,158,3,0.16728,-0.26247,2.1768
3,158,3,0.14045,-0.27586,2.177
4,158,3,0.14045,-0.27586,2.177
4,158,3,0.14045,-0.27586,2.177
0,159,3,1.171,1.7642,0.59297
0,159,3,1.171,1.7642,0.59297
1,159,3,1.171,1.7642,0.59297
1,159,3,1.1383,1.7854,0.59297
2,159,3,1.1383,1.7854,0.59297
2,159,3,1.1383,1.7854,0.59297
3,159,3,1.1383,1.7854,0.59297
3,159,3,1.1363,1.7823,0.60595
4,159,3,1.1363,1.7823,0.60595
4,159,3,1.1363,1.7823,0.60595
0,160,3,-0.64061,0.24907,2.0887
0,160,3,-0.64061,0.24907,2.0887
1,160,3,-0.64061,0.24907,2.0887
1,160,3,-0.64061,0.24907,2.0887
0,161,3,-1.8418,0.98262,0.69104
0,161,3,-1.8418,0.98262,0.69104
1,161,3,-1.8418,0.98262,0.69104
1,161,3,-1.8343,0.97053,0.72703
2,161,3,-1.8343,0.97053,0.72703
2,161,3,-1.8343,0.97053,0.72703
3,161,3,-1.8343,0.97053,0.72703
3,161,3,-1.8353,0.9584,0.74049
4,161,3,-1.8353,0.9584,0.74049
4,161,3,-1.8353,0.9584,0.74049
0,162,3,-0.52502,2.0691,0.52774
0,162,3,-0.52502,2.0691,0.52774
1,162,3,-0.52502,2.0691,0.52774
1,162,3,-0.51308,2.0753,0.51463
0,163,3,-0.80066,1.734,1.0897
0,163,3,-0.80066,1.734,1.0897
1,163,3,-0.80066,1.734,1.0897
1,163,3,-0.79001,1.7388,1.0897
2,163,3,-0.79001,1.7388,1.0897
2,163,3,-0.79001,1.7388,1.0897
3,163,3,-0.79001,1.7388,1.0897
3,163,3,-0.80066,1.734,1.0897
4,163,3,-0.80066,1.734,1.0897
4,163,3,-0.80066,1.734,1.0897
0,164,3,0.44375,0.32932,2.1283
0,164,3,0.44375,0.32932,2.1283
1,164,3,0.44375,0.32932,2.1283
1,164,3,0.44375,0.32932,2.1283
0,165,3,-0.64894,-1.0897,1.7963
0,165,3,-0.64894,-1.0897,1.7963
1,165,3,-0.64894,-1.0897,1.7963
1,165,3,-0.64894,-1.0897,1.7963
0,166,3,-0.66456,-1.1707,1.7387
0,166,3,-0.66456,-1.1707,1.7387
1,166,3,-0.66456,-1.1707,1.7387
1,166,3,-0.64564,-1.1593,1.7534
2,166,3,-0.64564,-1.1593,1.7534
2,166,3,-0.64564,-1.1593,1.7534
3,166,3,-0.64564,-1.1593,1.7534
3,166,3,-0.63966,-1.1362,1.7706
4,166,3,-0.63966,-1.1362,1.7706
4,166,3,-0.63966,-1.1362,1.7706
0,167,3,-1.8168,-0.75981,0.97828
0,167,3,-1.8168,-0.75981,0.97828
1,167,3,-1.8168,-0.75981,0.97828
1,167,3,-1.8269,-0.74713,0.96928
2,167,3,-1.8269,-0.74713,0.96928
2,167,3,-1.8269,-0.74713,0.96928
3,167,3,-1.8269,-0.74713,0.96928
3,167,3,-1.8427,-0.73443,0.94887
4,167,3,-1.8427,-0.73443,0.94887
4,167,3,-1.8427,-0.73443,0.94887
0,168,3,-1.0325,-0.63185,1.8357
0,168,3,-1.0325,-0.63185,1.8357
1,168,3,-1.0325,-0.63185,1.8357
1,168,3,-1.0231,-0.61891,1.8454
2,168,3,-1.0231,-0.61891,1.8454
2,168,3,-1.0231,-0.61891,1.8454
3,168,3,-1.0231,-0.61891,1.8454
3,168,3,-1.0212,-0.63185,1.842
4,168,3,-1.0212,-0.63185,1.842
4,168,3,-1.0212,-0.63185,1.842
0,169,3,-0.85625,2.0145,0.20882
0,169,3,-0.85625,2.0145,0.20882
1,169,3,-0.85625,2.0145,0.20882
1,169,3,-0.84337,2.0185,0.22224
2,169,3,-0.84337,2.0185,0.22224
2,169,3,-0.84337,2.0185,0.22224
3,169,3,-0.84337,2.0185,0.22224
3,169,3,-0.81853,2.0287,0.22224
4,169,3,-0.81853,2.0287,0.22224
4,169,3,-0.81853,2.0287,0.22224
0,170,3,-0.6143,2.0477,0.51463
0,170,3,-0.6143,2.0477,0.51463
1,170,3,-0.6143,2.0477,0.51463
1,170,3,-0.63938,2.04,0.51463
2,170,3,-0.63938,2.04,0.51463
2,170,3,-0.63938,2.04,0.51463
3,170,3,-0.63938,2.04,0.51463
3,170,3,-0.61607,2.0536,0.48836
4,170,3,-0.61607,2.0536,0.48836
4,170,3,-0.61607,2.0536,0.48836
0,171,3,0.19632,1.0306,-1.9325
0,171,3,0.19632,1.0306,-1.9325
1,171,3,0.19632,1.0306,-1.9325
1,171,3,0.18386,1.0425,-1.9273
2,171,3,0.18386,1.0425,-1.9273
2,171,3,0.18386,1.0425,-1.9273
3,171,3,0.18386,1.0425,-1.9273
3,171,3,0.18623,0.99467,-1.9522
4,171,3,0.18623,0.99467,-1.9522
4,171,3,0.18623,0.99467,-1.9522
0,172,3,0.30658,1.3153,-1.7353
0,172,3,0.30658,1.3153,-1.7353
1,172,3,0.30658,1.3153,-1.7353
1,172,3,0.33083,1.2936,-1.7471
0,173,3,-0.47557,1.5501,1.4853
0,173,3,-0.47557,1.5501,1.4853
1,173,3,-0.47557,1.5501,1.4853
1,173,3,-0.49055,1.5308,1.5004
2,173,3,-0.49055,1.5308,1.5004
2,173,3,-0.49055,1.5308,1.5004
3,173,3,-0.49055,1.5308,1.5004
3,173,3,-0.52116,1.5211,1.4999
4,173,3,-0.52116,1.5211,1.4999
4,173,3,-0.52116,1.5211,1.4999
0,174,3,-0.47357,-0.18194,2.1396
0,174,3,-0.47357,-0.18194,2.1396
1,174,3,-0.47357,-0.18194,2.1396
1,174,3,-0.46066,-0.16849,2.1435
2,174,3,-0.46066,-0.16849,2.1435
2,174,3,-0.46066,-0.16849,2.1435
3,174,3,-0.46066,-0.16849,2.1435
3,174,3,-0.47401,-0.15503,2.1416
4,174,3,-0.47401,-0.15503,2.1416
4,174,3,-0.47401,-0.15503,2.1416
0,175,3,0.24208,1.9144,-1.0544
0,175,3,0.24208,1.9144,-1.0544
1,175,3,0.24208,1.9144,-1.0544
1,175,3,0.25297,1.9064,-1.0662
2,175,3,0.25297,1.9064,-1.0662
2,175,3,0.25297,1.9064,-1.0662
3,175,3,0.25297,1.9064,-1.0662
3,175,3,0.26466,1.9048,-1.0662
4,175,3,0.26466,1.9048,-1.0662
4,175,3,0.26466,1.9048,-1.0662
0,176,3,0.12752,-0.20881,2.1852
0,176,3,0.12752,-0.20881,2.1852
1,176,3,0.12752,-0.20881,2.1852
1,176,3,0.11404,-0.22224,2.1847
2,176,3,0.11404,-0.22224,2.1847
2,176,3,0.11404,-0.22224,2.1847
3,176,3,0.11404,-0.22224,2.1847
3,176,3,0.12752,-0.20881,2.1852
4,176,3,0.12752,-0.20881,2.1852
4,176,3,0.12752,-0.20881,2.1852
0,177,3,0.35939,0.92181,-1.9637
0,177,3,0.35939,0.92181,-1.9637
1,177,3,0.35939,0.92181,-1.9637
1,177,3,0.34831,0.90955,-1.9714
0,178,3,-0.072813,-0.42236,2.1567
0,178,3,-0.072813,-0.42236,2.1567
1,178,3,-0.072813,-0.42236,2.1567
1,178,3,-0.046396,-0.40912,2.16
2,178,3,-0.046396,-0.40912,2.16
2,178,3,-0.046396,-0.40912,2.16
3,178,3,-0.046396,-0.40912,2.16
3,178,3,-0.046396,-0.40912,2.16
4,178,3,-0.046396,-0.40912,2.16
4,178,3,-0.046396,-0.40912,2.16
0,179,3,-1.0231,1.9,-0.42236
0,179,3,-1.0231,1.9,-0.42236
1,179,3,-1.0231,1.9,-0.42236
1,179,3,-1.0231,1.9,-0.42236
2,179,3,-1.0231,1.9,-0.42236
2,179,3,-1.0231,1.9,-0.42236
3,179,3,-1.0231,1.9,-0.42236
3,179,3,-1.0231,1.9,-0.42236
4,179,3,-1.0231,1.9,-0.42236
4,179,3,-1.0231,1.9,-0.42236
0,180,3,0.32081,0.77246,-2.0336
0,180,3,0.32081,0.77246,-2.0336
1,180,3,0.32081,0.77246,-2.0336
1,180,3,0.32154,0.75981,-2.0382
0,181,3,-1.1493,-0.51463,1.8026
0,181,3,-1.1493,-0.51463,1.8026
1,181,3,-1.1493,-0.51463,1.8026
1,181,3,-1.1382,-0.51463,1.8096
2,181,3,-1.1382,-0.51463,1.8096
2,181,3,-1.1382,-0.51463,1.8096
3,181,3,-1.1382,-0.51463,1.8096
3,181,3,-1.1365,-0.52774,1.8069
4,181,3,-1.1365,-0.52774,1.8069
4,181,3,-1.1365,-0.52774,1.8069
0,182,3,0.51026,0.9584,-1.9121
0,182,3,0.51026,0.9584,-1.9121
1,182,3,0.51026,0.9584,-1.9121
1,182,3,0.52042,0.97053,-1.9033
2,182,3,0.52042,0.97053,-1.9033
2,182,3,0.52042,0.97053,-1.9033
3,182,3,0.52042,0.97053,-1.9033
3,182,3,0.53835,0.92181,-1.9224
4,182,3,0.53835,0.92181,-1.9224
4,182,3,0.53835,0.92181,-1.9224
0,183,3,-0.7652,1.8315,0.94624
0,183,3,-0.7652,1.8315,0.94624
1,183,3,-0.7652,1.8315,0.94624
1,183,3,-0.75173,1.8307,0.9584
2,183,3,-0.75173,1.8307,0.9584
2,183,3,-0.75173,1.8307,0.9584
3,183,3,-0.75173,1.8307,0.9584
3,183,3,-0.73827,1.8298,0.97053
4,183,3,-0.73827,1.8298,0.97053
4,183,3,-0.73827,1.8298,0.97053
0,184,3,-0.69607,2.0855,-0.033729
0,184,3,-0.69607,2.0855,-0.033729
1,184,3,-0.69607,2.0855,-0.033729
1,184,3,-0.69613,2.0857,-0.020238
2,184,3,-0.69613,2.0857,-0.020238
2,184,3,-0.69613,2.0857,-0.020238
3,184,3,-0.69613,2.0857,-0.020238
3,184,3,-0.69613,2.0857,-0.020238
4,184,3,-0.69613,2.0857,-0.020238
4,184,3,-0.69613,2.0857,-0.020238
0,185,3,-0.0066826,-0.30261,2.178
0,185,3,-0.0066826,-0.30261,2.178
1,185,3,-0.0066826,-0.30261,2.178
1,185,3,-0.020046,-0.30261,2.1779
2,185,3,-0.020046,-0.30261,2.1779
2,185,3,-0.020046,-0.30261,2.1779
3,185,3,-0.020046,-0.30261,2.1779
3,185,3,-0.020029,-0.31597,2.176
4,185,3,-0.020029,-0.31597,2.176
4,185,3,-0.020029,-0.31597,2.176
0,186,3,1.4688,-0.28924,-1.6106
0,186,3,1.4688,-0.28924,-1.6106
1,186,3,1.4688,-0.28924,-1.6106
1,186,3,1.4477,-0.30261,-1.6272
2,186,3,1.4477,-0.30261,-1.6272
2,186,3,1.4477,-0.30261,-1.6272
3,186,3,1.4477,-0.30261,-1.6272
3,186,3,1.4663,-0.31597,-1.6079
4,186,3,1.4663,-0.31597,-1.6079
4,186,3,1.4663,-0.31597,-1.6079
0,187,3,0.10026,1.0662,-1.9205
0,187,3,0.10026,1.0662,-1.9205
1,187,3,0.10026,1.0662,-1.9205
1,187,3,0.12423,1.0544,-1.9256
0,188,3,0.16539,1.1707,-1.854
0,188,3,0.16539,1.1707,-1.854
1,188,3,0.16539,1.1707,-1.854
1,188,3,0.17676,1.1707,-1.8529
2,188,3,0.17676,1.1707,-1.8529
2,188,3,0.17676,1.1707,-1.8529
3,188,3,0.17676,1.1707,-1.8529
3,188,3,0.17676,1.1707,-1.8529
4,188,3,0.17676,1.1707,-1.8529
4,188,3,0.17676,1.1707,-1.8529
0,189,3,-0.21908,-2.0324,0.81022
0,189,3,-0.21908,-2.0324,0.81022
1,189,3,-0.21908,-2.0324,0.81022
1,189,3,-0.23155,-2.031,0.81022
2,189,3,-0.23155,-2.031,0.81022
2,189,3,-0.23155,-2.031,0.81022
3,189,3,-0.23155,-2.031,0.81022
3,189,3,-0.244,-2.0296,0.81022
4,189,3,-0.244,-2.0296,0.81022
4,189,3,-0.244,-2.0296,0.81022
0,190,3,-0.22572,2.094,-0.63185
0,190,3,-0.22572,2.094,-0.63185
1,190,3,-0.22572,2.094,-0.63185
1,190,3,-0.22613,2.0978,-0.61891
2,190,3,-0.22613,2.0978,-0.61891
2,190,3,-0.22613,2.0978,-0.61891
3,190,3,-0.22613,2.0978,-0.61891
3,190,3,-0.22572,2.094,-0.63185
4,190,3,-0.22572,2.094,-0.63185
4,190,3,-0.22572,2.094,-0.63185
0,191,3,-0.61826,-0.10116,2.1078
0,191,3,-0.61826,-0.10116,2.1078
1,191,3,-0.61826,-0.10116,2.1078
1,191,3,-0.61826,-0.10116,2.1078
0,192,3,-1.1201,1.3687,1.3066
0,192,3,-1.1201,1.3687,1.3066
1,192,3,-1.1201,1.3687,1.3066
1,192,3,-1.136,1.3687,1.2927
2,192,3,-1.136,1.3687,1.2927
2,192,3,-1.136,1.3687,1.2927
3,192,3,-1.136,1.3687,1.2927
3,192,3,-1.1281,1.3368,1.3324
4,192,3,-1.1281,1.3368,1.3324
4,192,3,-1.1281,1.3368,1.3324
0,193,3,1.0694,1.9014,0.27586
0,193,3,1.0694,1.9014,0.27586
1,193,3,1.0694,1.9014,0.27586
1,193,3,1.1043,1.8814,0.27586
0,194,3,0.2081,-0.18194,2.1815
0,194,3,0.2081,-0.18194,2.1815
1,194,3,0.2081,-0.18194,2.1815
1,194,3,0.19471,-0.18194,2.1827
2,194,3,0.19471,-0.18194,2.1827
2,194,3,0.19471,-0.18194,2.1827
3,194,3,0.19471,-0.18194,2.1827
3,194,3,0.2082,-0.16849,2.1825
4,194,3,0.2082,-0.16849,2.1825
4,194,3,0.2082,-0.16849,2.1825
0,195,3,-0.65414,1.9206,0.84771
0,195,3,-0.65414,1.9206,0.84771
1,195,3,-0.65414,1.9206,0.84771
1,195,3,-0.67766,1.9124,0.84771
2,195,3,-0.67766,1.9124,0.84771
2,195,3,-0.67766,1.9124,0.84771
3,195,3,-0.67766,1.9124,0.84771
3,195,3,-0.67766,1.9124,0.84771
4,195,3,-0.67766,1.9124,0.84771
4,195,3,-0.67766,1.9124,0.84771
0,196,3,-0.13722,-0.54083,2.1269
0,196,3,-0.13722,-0.54083,2.1269
1,196,3,-0.13722,-0.54083,2.1269
1,196,3,-0.12397,-0.5539,2.1244
2,196,3,-0.12397,-0.5539,2.1244
2,196,3,-0.12397,-0.5539,2.1244
3,196,3,-0.12397,-0.5539,2.1244
3,196,3,-0.11111,-0.54083,2.1285
4,196,3,-0.11111,-0.54083,2.1285
4,196,3,-0.11111,-0.54083,2.1285
0,197,3,0.45592,0.35597,2.1215
0,197,3,0.45592,0.35597,2.1215
1,197,3,0.45592,0.35597,2.1215
1,197,3,0.45592,0.35597,2.1215
0,198,3,-0.30032,2.0683,-0.68334
0,198,3,-0.30032,2.0683,-0.68334
1,198,3,-0.30032,2.0683,-0.68334
1,198,3,-0.31363,2.0706,-0.67051
2,198,3,-0.31363,2.0706,-0.67051
2,198,3,-0.31363,2.0706,-0.67051
3,198,3,-0.31363,2.0706,-0.67051
3,198,3,-0.31424,2.0746,-0.65765
4,198,3,-0.31424,2.0746,-0.65765
4,198,3,-0.31424,2.0746,-0.65765
0,199,3,0.41705,0.94624,-1.9406
0,199,3,0.41705,0.94624,-1.9406
1,199,3,0.41705,0.94624,-1.9406
1,199,3,0.40631,0.93405,-1.9487
0,200,3,-1.9192,1.0425,-0.25467
0,200,3,-1.9192,1.0425,-0.25467
1,200,3,-1.9192,1.0425,-0.25467
1,200,3,-1.9302,1.0187,-0.26818
2,200,3,-1.9302,1.0187,-0.26818
2,200,3,-1.9302,1.0187,-0.26818
3,200,3,-1.9302,1.0187,-0.26818
3,200,3,-1.9239,1.0306,-0.26732
4,200,3,-1.9239,1.0306,-0.26732
4,200,3,-1.9239,1.0306,-0.26732
0,201,3,-1.8013,1.1707,0.46887
0,201,3,-1.8013,1.1707,0.46887
1,201,3,-1.8013,1.1707,0.46887
1,201,3,-1.7984,1.1707,0.47991
2,201,3,-1.7984,1.1707,0.47991
2,201,3,-1.7984,1.1707,0.47991
3,201,3,-1.7984,1.1707,0.47991
3,201,3,-1.7914,1.1821,0.47805
4,201,3,-1.7914,1.1821,0.47805
4,201,3,-1.7914,1.1821,0.47805
0,202,3,-0.77825,2.0361,0.28924
0,202,3,-0.77825,2.0361,0.28924
1,202,3,-0.77825,2.0361,0.28924
1,202,3,-0.75321,2.0455,0.28924
2,202,3,-0.75321,2.0455,0.28924
2,202,3,-0.75321,2.0455,0.28924
3,202,3,-0.75321,2.0455,0.28924
3,202,3,-0.74002,2.0484,0.30261
4,202,3,-0.74002,2.0484,0.30261
4,202,3,-0.74002,2.0484,0.30261
0,203,3,-1.8327,1.0425,0.6242
0,203,3,-1.8327,1.0425,0.6242
1,203,3,-1.8327,1.0425,0.6242
1,203,3,-1.8249,1.0425,0.64664
2,203,3,-1.8249,1.0425,0.64664
2,203,3,-1.8249,1.0425,0.64664
3,203,3,-1.8249,1.0425,0.64664
3,203,3,-1.8327,1.0425,0.6242
4,203,3,-1.8327,1.0425,0.6242
4,203,3,-1.8327,1.0425,0.6242
0,204,3,-0.68728,-1.2495,1.6737
0,204,3,-0.68728,-1.2495,1.6737
1,204,3,-0.68728,-1.2495,1.6737
1,204,3,-0.69018,-1.2384,1.6808
2,204,3,-0.69018,-1.2384,1.6808
2,204,3,-0.69018,-1.2384,1.6808
3,204,3,-0.69018,-1.2384,1.6808
3,204,3,-0.68728,-1.2495,1.6737
4,204,3,-0.68728,-1.2495,1.6737
4,204,3,-0.68728,-1.2495,1.6737
0,205,3,-1.0172,1.6622,1.0187
0,205,3,-1.0172,1.6622,1.0187
1,205,3,-1.0172,1.6622,1.0187
1,205,3,-1.0274,1.6559,1.0187
2,205,3,-1.0274,1.6559,1.0187
2,205,3,-1.0274,1.6559,1.0187
3,205,3,-1.0274,1.6559,1.0187
3,205,3,-1.0172,1.6622,1.0187
4,205,3,-1.0172,1.6622,1.0187
4,205,3,-1.0172,1.6622,1.0187
0,206,3,-0.24574,2.044,0.77246
0,206,3,-0.24574,2.044,0.77246
1,206,3,-0.24574,2.044,0.77246
1,206,3,-0.24574,2.044,0.77246
2,206,3,-0.24574,2.044,0.77246
2,206,3,-0.24574,2.044,0.77246
3,206,3,-0.24574,2.044,0.77246
3,206,3,-0.24517,2.0393,0.78507
4,206,3,-0.24517,2.0393,0.78507
4,206,3,-0.24517,2.0393,0.78507
0,207,3,-0.86516,1.968,0.46201
0,207,3,-0.86516,1.968,0.46201
1,207,3,-0.86516,1.968,0.46201
1,207,3,-0.88924,1.9573,0.46201
2,207,3,-0.88924,1.9573,0.46201
2,207,3,-0.88924,1.9573,0.46201
3,207,3,-0.88924,1.9573,0.46201
3,207,3,-0.86628,1.9706,0.44881
4,207,3,-0.86628,1.9706,0.44881
4,207,3,-0.86628,1.9706,0.44881
0,208,3,0.16049,1.5211,-1.5798
0,208,3,0.16049,1.5211,-1.5798
1,208,3,0.16049,1.5211,-1.5798
1,208,3,0.17018,1.5211,-1.5787
0,209,3,0.097767,1.6753,1.4209
0,209,3,0.097767,1.6753,1.4209
1,209,3,0.097767,1.6753,1.4209
1,209,3,0.097767,1.6753,1.4209
0,210,3,-0.71462,-1.0897,1.7712
0,210,3,-0.71462,-1.0897,1.7712
1,210,3,-0.71462,-1.0897,1.7712
1,210,3,-0.69524,-1.078,1.786
2,210,3,-0.69524,-1.078,1.786
2,210,3,-0.69524,-1.078,1.786
3,210,3,-0.69524,-1.078,1.786
3,210,3,-0.72547,-1.0897,1.7667
4,210,3,-0.72547,-1.0897,1.7667
4,210,3,-0.72547,-1.0897,1.7667
0,211,3,-0.20331,-0.50151,2.1313
0,211,3,-0.20331,-0.50151,2.1313
1,211,3,-0.20331,-0.50151,2.1313
1,211,3,-0.21607,-0.51463,2.1269
0,212,3,0.23098,0.82275,-2.0261
0,212,3,0.23098,0.82275,-2.0261
1,212,3,0.23098,0.82275,-2.0261
1,212,3,0.25582,0.82275,-2.0231
2,212,3,0.25582,0.82275,-2.0231
2,212,3,0.25582,0.82275,-2.0231
3,212,3,0.25582,0.82275,-2.0231
3,212,3,0.25519,0.83524,-2.018
4,212,3,0.25519,0.83524,-2.018
4,212,3,0.25519,0.83524,-2.018
0,213,3,-1.1125,-0.54083,1.818
0,213,3,-1.1125,-0.54083,1.818
1,213,3,-1.1125,-0.54083,1.818
1,213,3,-1.1013,-0.54083,1.8247
2,213,3,-1.1013,-0.54083,1.8247
2,213,3,-1.1013,-0.54083,1.8247
3,213,3,-1.1013,-0.54083,1.8247
3,213,3,-1.0901,-0.54083,1.8315
4,213,3,-1.0901,-0.54083,1.8315
4,213,3,-1.0901,-0.54083,1.8315
0,214,3,-0.78477,2.0532,0.060708
0,214,3,-0.78477,2.0532,0.060708
1,214,3,-0.78477,2.0532,0.060708
1,214,3,-0.79757,2.0489,0.033729
2,214,3,-0.79757,2.0489,0.033729
2,214,3,-0.79757,2.0489,0.033729
3,214,3,-0.79757,2.0489,0.033729
3,214,3,-0.77184,2.0571,0.087677
4,214,3,-0.77184,2.0571,0.087677
4,214,3,-0.77184,2.0571,0.087677
0,215,3,1.0105,0.92181,-1.7217
0,215,3,1.0105,0.92181,-1.7217
1,215,3,1.0105,0.92181,-1.7217
1,215,3,1.0105,0.92181,-1.7217
2,215,3,1.0105,0.92181,-1.7217
2,215,3,1.0105,0.92181,-1.7217
3,215,3,1.0105,0.92181,-1.7217
3,215,3,1.0105,0.92181,-1.7217
4,215,3,1.0105,0.92181,-1.7217
4,215,3,1.0105,0.92181,-1.7217
0,216,3,-0.34016,-1.8586,1.1247
0,216,3,-0.34016,-1.8586,1.1247
1,216,3,-0.34016,-1.8586,1.1247
1,216,3,-0.33891,-1.8518,1.1362
0,217,3,-0.53047,1.8943,0.98262
0,217,3,-0.53047,1.8943,0.98262
1,217,3,-0.53047,1.8943,0.98262
1,217,3,-0.53209,1.9,0.97053
2,217,3,-0.53209,1.9,0.97053
2,217,3,-0.53209,1.9,0.97053
3,217,3,-0.53209,1.9,0.97053
3,217,3,-0.54209,1.891,0.98262
4,217,3,-0.54209,1.891,0.98262
4,217,3,-0.54209,1.891,0.98262
0,218,3,1.0255,0.39585,1.9044
0,218,3,1.0255,0.39585,1.9044
1,218,3,1.0255,0.39585,1.9044
1,218,3,1.0126,0.40912,1.9085
0,219,3,-1.8065,1.1247,0.55404
0,219,3,-1.8065,1.1247,0.55404
1,219,3,-1.8065,1.1247,0.55404
1,219,3,-1.8098,1.1247,0.54295
2,219,3,-1.8098,1.1247,0.54295
2,219,3,-1.8098,1.1247,0.54295
3,219,3,-1.8098,1.1247,0.54295
3,219,3,-1.8032,1.1362,0.54095
4,219,3,-1.8032,1.1362,0.54095
4,219,3,-1.8032,1.1362,0.54095
0,220,3,1.3552,-0.40912,-1.6826
0,220,3,1.3552,-0.40912,-1.6826
1,220,3,1.3552,-0.40912,-1.6826
1,220,3,1.37,-0.36928,-1.6798
2,220,3,1.37,-0.36928,-1.6798
2,220,3,1.37,-0.36928,-1.6798
3,220,3,1.37,-0.36928,-1.6798
3,220,3,1.3919,-0.35597,-1.6646
4,220,3,1.3919,-0.35597,-1.6646
4,220,3,1.3919,-0.35597,-1.6646
0,221,3,-0.43731,1.1593,1.8166
0,221,3,-0.43731,1.1593,1.8166
1,221,3,-0.43731,1.1593,1.8166
1,221,3,-0.45183,1.1362,1.8276
2,221,3,-0.45183,1.1362,1.8276
2,221,3,-0.45183,1.1362,1.8276
3,221,3,-0.45183,1.1362,1.8276
3,221,3,-0.45014,1.1478,1.8208
4,221,3,-0.45014,1.1478,1.8208
4,221,3,-0.45014,1.1478,1.8208
0,222,3,-0.84198,1.8839,0.75981
0,222,3,-0.84198,1.8839,0.75981
1,222,3,-0.84198,1.8839,0.75981
1,222,3,-0.83226,1.8932,0.74713
2,222,3,-0.83226,1.8932,0.74713
2,222,3,-0.83226,1.8932,0.74713
3,222,3,-0.83226,1.8932,0.74713
3,222,3,-0.77717,1.9262,0.7217
4,222,3,-0.77717,1.9262,0.7217
4,222,3,-0.77717,1.9262,0.7217
0,223,3,-1.8878,1.1131,-0.18009
0,223,3,-1.8878,1.1131,-0.18009
1,223,3,-1.8878,1.1131,-0.18009
1,223,3,-1.866,1.1478,-0.18956
2,223,3,-1.866,1.1478,-0.18956
2,223,3,-1.866,1.1478,-0.18956
3,223,3,-1.866,1.1478,-0.18956
3,223,3,-1.8671,1.1478,-0.17811
4,223,3,-1.8671,1.1478,-0.17811
4,223,3,-1.8671,1.1478,-0.17811
0,224,3,-1.3335,-0.31597,1.7196
0,224,3,-1.3335,-0.31597,1.7196
1,224,3,-1.3335,-0.31597,1.7196
1,224,3,-1.2644,-0.36928,1.7607
2,224,3,-1.2644,-0.36928,1.7607
2,224,3,-1.2644,-0.36928,1.7607
3,224,3,-1.2644,-0.36928,1.7607
3,224,3,-1.2966,-0.36928,1.7371
4,224,3,-1.2966,-0.36928,1.7371
4,224,3,-1.2966,-0.36928,1.7371
0,225,3,-0.7445,1.6658,1.2272
0,225,3,-0.7445,1.6658,1.2272
1,225,3,-0.7445,1.6658,1.2272
1,225,3,-0.77822,1.6586,1.216
0,226,3,1.4616,1.6427,-0.020238
0,226,3,1.4616,1.6427,-0.020238
1,226,3,1.4616,1.6427,-0.020238
1,226,3,1.4104,1.6867,0.033729
2,226,3,1.4104,1.6867,0.033729
2,226,3,1.4104,1.6867,0.033729
3,226,3,1.4104,1.6867,0.033729
3,226,3,1.3467,1.7366,0.074193
4,226,3,1.3467,1.7366,0.074193
4,226,3,1.3467,1.7366,0.074193
0,227,3,-0.74475,-2.0226,0.4356
0,227,3,-0.74475,-2.0226,0.4356
1,227,3,-0.74475,-2.0226,0.4356
1,227,3,-0.73233,-2.0271,0.4356
2,227,3,-0.73233,-2.0271,0.4356
2,227,3,-0.73233,-2.0271,0.4356
3,227,3,-0.73233,-2.0271,0.4356
3,227,3,-0.76855,-2.0107,0.44881
4,227,3,-0.76855,-2.0107,0.44881
4,227,3,-0.76855,-2.0107,0.44881
0,228,3,-0.75197,0.63185,1.9673
0,228,3,-0.75197,0.63185,1.9673
1,228,3,-0.75197,0.63185,1.9673
1,228,3,-0.73988,0.63185,1.9719
2,228,3,-0.73988,0.63185,1.9719
2,228,3,-0.73988,0.63185,1.9719
3,228,3,-0.73988,0.63185,1.9719
3,228,3,-0.72641,0.64476,1.9728
4,228,3,-0.72641,0.64476,1.9728
4,228,3,-0.72641,0.64476,1.9728
0,229,3,0.46155,0.86014,-1.9703
0,229,3,0.46155,0.86014,-1.9703
1,229,3,0.46155,0.86014,-1.9703
1,229,3,0.43502,0.88491,-1.9654
0,230,3,-0.04577,-0.54083,2.1309
0,230,3,-0.04577,-0.54083,2.1309
1,230,3,-0.04577,-0.54083,2.1309
1,230,3,-0.045697,-0.5539,2.1275
0,231,3,-0.13739,1.9439,1.0187
0,231,3,-0.13739,1.9439,1.0187
1,231,3,-0.13739,1.9439,1.0187
1,231,3,-0.16124,1.942,1.0187
2,231,3,-0.16124,1.942,1.0187
2,231,3,-0.16124,1.942,1.0187
3,231,3,-0.16124,1.942,1.0187
3,231,3,-0.13739,1.9439,1.0187
4,231,3,-0.13739,1.9439,1.0187
4,231,3,-0.13739,1.9439,1.0187
0,232,3,-1.3992,-0.46201,1.6322
0,232,3,-1.3992,-0.46201,1.6322
1,232,3,-1.3992,-0.46201,1.6322
1,232,3,-1.3791,-0.46201,1.6492
0,233,3,-0.552,2.0686,0.50151
0,233,3,-0.552,2.0686,0.50151
1,233,3,-0.552,2.0686,0.50151
1,233,3,-0.55278,2.0715,0.48836
2,233,3,-0.55278,2.0715,0.48836
2,233,3,-0.55278,2.0715,0.48836
3,233,3,-0.55278,2.0715,0.48836
3,233,3,-0.54006,2.0748,0.48836
4,233,3,-0.54006,2.0748,0.48836
4,233,3,-0.54006,2.0748,0.48836
0,234,3,-1.8507,1.1593,0.25714
0,234,3,-1.8507,1.1593,0.25714
1,234,3,-1.8507,1.1593,0.25714
1,234,3,-1.8507,1.1593,0.25714
2,234,3,-1.8507,1.1593,0.25714
2,234,3,-1.8507,1.1593,0.25714
3,234,3,-1.8507,1.1593,0.25714
3,234,3,-1.842,1.1707,0.26747
4,234,3,-1.842,1.1707,0.26747
4,234,3,-1.842,1.1707,0.26747
0,235,3,0.073662,-0.26247,2.1819
0,235,3,0.073662,-0.26247,2.1819
1,235,3,0.073662,-0.26247,2.1819
1,235,3,0.073662,-0.26247,2.1819
2,235,3,0.073662,-0.26247,2.1819
2,235,3,0.073662,-0.26247,2.1819
3,235,3,0.073662,-0.26247,2.1819
3,235,3,0.060179,-0.28924,2.179
4,235,3,0.060179,-0.28924,2.179
4,235,3,0.060179,-0.28924,2.179
0,236,3,-1.6506,-1.0306,1.024
0,236,3,-1.6506,-1.0306,1.024
1,236,3,-1.6506,-1.0306,1.024
1,236,3,-1.6367,-1.0187,1.0577
2,236,3,-1.6367,-1.0187,1.0577
2,236,3,-1.6367,-1.0187,1.0577
3,236,3,-1.6367,-1.0187,1.0577
3,236,3,-1.6456,-0.98262,1.0778
4,236,3,-1.6456,-0.98262,1.0778
4,236,3,-1.6456,-0.98262,1.0778
0,237,3,-0.94421,1.5308,1.265
0,237,3,-0.94421,1.5308,1.265
1,237,3,-0.94421,1.5308,1.265
1,237,3,-0.94668,1.5685,1.216
2,237,3,-0.94668,1.5685,1.216
2,237,3,-0.94668,1.5685,1.216
3,237,3,-0.94668,1.5685,1.216
3,237,3,-0.93857,1.5405,1.2574
4,237,3,-0.93857,1.5405,1.2574
4,237,3,-0.93857,1.5405,1.2574
0,238,3,-1.7642,-1.2495,0.40185
0,238,3,-1.7642,-1.2495,0.40185
1,238,3,-1.7642,-1.2495,0.40185
1,238,3,-1.7666,-1.2495,0.39102
2,238,3,-1.7666,-1.2495,0.39102
2,238,3,-1.7666,-1.2495,0.39102
3,238,3,-1.7666,-1.2495,0.39102
3,238,3,-1.7691,-1.2384,0.41441
4,238,3,-1.7691,-1.2384,0.41441
4,238,3,-1.7691,-1.2384,0.41441
0,239,3,-0.61558,1.7717,1.1478
0,239,3,-0.61558,1.7717,1.1478
1,239,3,-0.61558,1.7717,1.1478
1,239,3,-0.65051,1.7666,1.1362
2,239,3,-0.65051,1.7666,1.1362
2,239,3,-0.65051,1.7666,1.1362
3,239,3,-0.65051,1.7666,1.1362
3,239,3,-0.59385,1.7091,1.2495
4,239,3,-0.59385,1.7091,1.2495
4,239,3,-0.59385,1.7091,1.2495
0,240,3,-1.0821,1.4106,1.2941
0,240,3,-1.0821,1.4106,1.2941
1,240,3,-1.0821,1.4106,1.2941
1,240,3,-1.0526,1.4209,1.307
2,240,3,-1.0526,1.4209,1.307
2,240,3,-1.0526,1.4209,1.307
3,240,3,-1.0526,1.4209,1.307
3,240,3,-1.0337,1.4106,1.333
4,240,3,-1.0337,1.4106,1.333
4,240,3,-1.0337,1.4106,1.333
0,241,3,-0.7281,-1.1707,1.713
0,241,3,-0.7281,-1.1707,1.713
1,241,3,-0.7281,-1.1707,1.713
1,241,3,-0.72306,-1.1478,1.7306
2,241,3,-0.72306,-1.1478,1.7306
2,241,3,-0.72306,-1.1478,1.7306
3,241,3,-0.72306,-1.1478,1.7306
3,241,3,-0.70703,-1.1707,1.7218
4,241,3,-0.70703,-1.1707,1.7218
4,241,3,-0.70703,-1.1707,1.7218
0,242,3,-0.93363,1.3897,1.4255
0,242,3,-0.93363,1.3897,1.4255
1,242,3,-0.93363,1.3897,1.4255
1,242,3,-0.97396,1.3581,1.429
2,242,3,-0.97396,1.3581,1.429
2,242,3,-0.97396,1.3581,1.429
3,242,3,-0.97396,1.3581,1.429
3,242,3,-0.98179,1.3793,1.4032
4,242,3,-0.98179,1.3793,1.4032
4,242,3,-0.98179,1.3793,1.4032
0,243,3,1.0488,1.8917,0.39585
0,243,3,1.0488,1.8917,0.39585
1,243,3,1.0488,1.8917,0.39585
1,243,3,1.0287,1.9105,0.35597
2,243,3,1.0287,1.9105,0.35597
2,243,3,1.0287,1.9105,0.35597
3,243,3,1.0287,1.9105,0.35597
3,243,3,0.9795,1.9312,0.38257
4,243,3,0.9795,1.9312,0.38257
4,243,3,0.9795,1.9312,0.38257
0,244,3,-0.20238,1.6834,1.4002
0,244,3,-0.20238,1.6834,1.4002
1,244,3,-0.20238,1.6834,1.4002
1,244,3,-0.20238,1.6834,1.4002
2,244,3,-0.20238,1.6834,1.4002
2,244,3,-0.20238,1.6834,1.4002
3,244,3,-0.20238,1.6834,1.4002
3,244,3,-0.22302,1.6808,1.4002
4,244,3,-0.22302,1.6808,1.4002
4,244,3,-0.22302,1.6808,1.4002
0,245,3,-1.1452,-0.61891,1.7722
0,245,3,-1.1452,-0.61891,1.7722
1,245,3,-1.1452,-0.61891,1.7722
1,245,3,-1.1383,-0.59297,1.7854
2,245,3,-1.1383,-0.59297,1.7854
2,245,3,-1.1383,-0.59297,1.7854
3,245,3,-1.1383,-0.59297,1.7854
3,245,3,-1.1234,-0.61891,1.7861
4,245,3,-1.1234,-0.61891,1.7861
4,245,3,-1.1234,-0.61891,1.7861
0,246,3,-0.0063449,-2.0681,0.74713
0,246,3,-0.0063449,-2.0681,0.74713
1,246,3,-0.0063449,-2.0681,0.74713
1,246,3,-0.018948,-2.0587,0.77246
2,246,3,-0.018948,-2.0587,0.77246
2,246,3,-0.018948,-2.0587,0.77246
3,246,3,-0.018948,-2.0587,0.77246
3,246,3,-0.018948,-2.0587,0.77246
4,246,3,-0.018948,-2.0587,0.77246
4,246,3,-0.018948,-2.0587,0.77246
0,247,3,-0.43071,1.5113,1.538
0,247,3,-0.43071,1.5113,1.538
1,247,3,-0.43071,1.5113,1.538
1,247,3,-0.42127,1.5113,1.5406
2,247,3,-0.42127,1.5113,1.5406
2,247,3,-0.42127,1.5113,1.5406
3,247,3,-0.42127,1.5113,1.5406
3,247,3,-0.44955,1.5113,1.5326
4,247,3,-0.44955,1.5113,1.5326
4,247,3,-0.44955,1.5113,1.5326
0,248,3,0.18052,1.2826,-1.7769
0,248,3,0.18052,1.2826,-1.7769
1,248,3,0.18052,1.2826,-1.7769
1,248,3,0.19142,1.2826,-1.7758
0,249,3,0.035661,1.6602,1.4414
0,249,3,0.035661,1.6602,1.4414
1,249,3,0.035661,1.6602,1.4414
1,249,3,0.045847,1.66,1.4414
2,249,3,0.045847,1.66,1.4414
2,249,3,0.045847,1.66,1.4414
3,249,3,0.045847,1.66,1.4414
3,249,3,0.045847,1.66,1.4414
4,249,3,0.045847,1.66,1.4414
4,249,3,0.045847,1.66,1.4414
0,250,3,0.24945,1.8799,-1.1131
0,250,3,0.24945,1.8799,-1.1131
1,250,3,0.24945,1.8799,-1.1131
1,250,3,0.24855,1.8731,-1.1247
0,251,3,-0.75471,-1.2272,1.6612
0,251,3,-0.75471,-1.2272,1.6612
1,251,3,-0.75471,-1.2272,1.6612
1,251,3,-0.7445,-1.2272,1.6658
2,251,3,-0.7445,-1.2272,1.6658
2,251,3,-0.7445,-1.2272,1.6658
3,251,3,-0.7445,-1.2272,1.6658
3,251,3,-0.7383,-1.2495,1.6519
4,251,3,-0.7383,-1.2495,1.6519
4,251,3,-0.7383,-1.2495,1.6519
0,252,3,0.96939,1.8825,0.59297
0,252,3,0.96939,1.8825,0.59297
1,252,3,0.96939,1.8825,0.59297
1,252,3,0.95616,1.8851,0.60595
2,252,3,0.95616,1.8851,0.60595
2,252,3,0.95616,1.8851,0.60595
3,252,3,0.95616,1.8851,0.60595
3,252,3,0.97922,1.8733,0.60595
4,252,3,0.97922,1.8733,0.60595
4,252,3,0.97922,1.8733,0.60595
0,253,3,0.17886,2.005,-0.88491
0,253,3,0.17886,2.005,-0.88491
1,253,3,0.17886,2.005,-0.88491
1,253,3,0.19064,1.9984,-0.89725
0,254,3,0.7217,-2.0771,0.0067463
0,254,3,0.7217,-2.0771,0.0067463
1,254,3,0.7217,-2.0771,0.0067463
1,254,3,0.7217,-2.0771,-0.006746
0,255,3,0.58328,0.39585,2.0828
0,255,3,0.58328,0.39585,2.0828
1,255,3,0.58328,0.39585,2.0828
1,255,3,0.58262,0.40912,2.0805
2,255,3,0.58262,0.40912,2.0805
2,255,3,0.58262,0.40912,2.0805
3,255,3,0.58262,0.40912,2.0805
3,255,3,0.55639,0.42237,2.085
4,255,3,0.55639,0.42237,2.085
4,255,3,0.55639,0.42237,2.085
0,256,3,-0.81915,-0.89725,1.8328
0,256,3,-0.81915,-0.89725,1.8328
1,256,3,-0.81915,-0.89725,1.8328
1,256,3,-0.7944,-0.90955,1.8376
2,256,3,-0.7944,-0.90955,1.8376
2,256,3,-0.7944,-0.90955,1.8376
3,256,3,-0.7944,-0.90955,1.8376
3,256,3,-0.80111,-0.93405,1.8223
4,256,3,-0.80111,-0.93405,1.8223
4,256,3,-0.80111,-0.93405,1.8223
0,257,3,-0.62193,0.57997,2.0278
0,257,3,-0.62193,0.57997,2.0278
1,257,3,-0.62193,0.57997,2.0278
1,257,3,-0.61147,0.5539,2.0382
0,258,3,-0.66459,-1.216,1.7073
0,258,3,-0.66459,-1.216,1.7073
1,258,3,-0.66459,-1.216,1.7073
1,258,3,-0.67779,-1.2048,1.7101
0,259,3,-0.89932,1.6459,1.1478
0,259,3,-0.89932,1.6459,1.1478
1,259,3,-0.89932,1.6459,1.1478
1,259,3,-0.90251,1.6279,1.1707
2,259,3,-0.90251,1.6279,1.1707
2,259,3,-0.90251,1.6279,1.1707
3,259,3,-0.90251,1.6279,1.1707
3,259,3,-0.89901,1.6216,1.1821
4,259,3,-0.89901,1.6216,1.1821
4,259,3,-0.89901,1.6216,1.1821
0,260,3,-0.78792,2.0241,0.34265
0,260,3,-0.78792,2.0241,0.34265
1,260,3,-0.78792,2.0241,0.34265
1,260,3,-0.78714,2.0221,0.35597
2,260,3,-0.78714,2.0221,0.35597
2,260,3,-0.78714,2.0221,0.35597
3,260,3,-0.78714,2.0221,0.35597
3,260,3,-0.77472,2.0269,0.35597
4,260,3,-0.77472,2.0269,0.35597
4,260,3,-0.77472,2.0269,0.35597
0,261,3,0.96976,1.9716,0.087677
0,261,3,0.96976,1.9716,0.087677
1,261,3,0.96976,1.9716,0.087677
1,261,3,0.98206,1.966,0.074193
0,262,3,-0.5099,2.0625,0.56694
0,262,3,-0.5099,2.0625,0.56694
1,262,3,-0.5099,2.0625,0.56694
1,262,3,-0.52339,2.0626,0.5539
2,262,3,-0.52339,2.0626,0.5539
2,262,3,-0.52339,2.0626,0.5539
3,262,3,-0.52339,2.0626,0.5539
3,262,3,-0.52339,2.0626,0.5539
4,262,3,-0.52339,2.0626,0.5539
4,262,3,-0.52339,2.0626,0.5539
0,263,3,-0.77728,-1.1821,1.6833
0,263,3,-0.77728,-1.1821,1.6833
1,263,3,-0.77728,-1.1821,1.6833
1,263,3,-0.77728,-1.1821,1.6833
2,263,3,-0.77728,-1.1821,1.6833
2,263,3,-0.77728,-1.1821,1.6833
3,263,3,-0.77728,-1.1821,1.6833
3,263,3,-0.76392,-1.1935,1.6814
4,263,3,-0.76392,-1.1935,1.6814
4,263,3,-0.76392,-1.1935,1.6814
0,264,3,-0.75787,1.7531,1.0897
0,264,3,-0.75787,1.7531,1.0897
1,264,3,-0.75787,1.7531,1.0897
1,264,3,-0.75787,1.7531,1.0897
0,265,3,1.8851,-0.95616,0.60595
0,265,3,1.8851,-0.95616,0.60595
1,265,3,1.8851,-0.95616,0.60595
1,265,3,1.8851,-0.95616,0.60595
0,266,3,-0.39449,-0.18194,2.1556
0,266,3,-0.39449,-0.18194,2.1556
1,266,3,-0.39449,-0.18194,2.1556
1,266,3,-0.39406,-0.20881,2.1532
2,266,3,-0.39406,-0.20881,2.1532
2,266,3,-0.39406,-0.20881,2.1532
3,266,3,-0.39406,-0.20881,2.1532
3,266,3,-0.39449,-0.18194,2.1556
4,266,3,-0.39449,-0.18194,2.1556
4,266,3,-0.39449,-0.18194,2.1556
0,267,3,-0.83043,2.0224,-0.23566
0,267,3,-0.83043,2.0224,-0.23566
1,267,3,-0.83043,2.0224,-0.23566
1,267,3,-0.83097,2.0237,-0.22224
2,267,3,-0.83097,2.0237,-0.22224
2,267,3,-0.83097,2.0237,-0.22224
3,267,3,-0.83097,2.0237,-0.22224
3,267,3,-0.83147,2.0249,-0.20881
4,267,3,-0.83147,2.0249,-0.20881
4,267,3,-0.83147,2.0249,-0.20881
0,268,3,1.3068,1.7508,0.24907
0,268,3,1.3068,1.7508,0.24907
1,268,3,1.3068,1.7508,0.24907
1,268,3,1.3068,1.7508,0.24907
0,269,3,0.97973,1.9613,0.16849
0,269,3,0.97973,1.9613,0.16849
1,269,3,0.97973,1.9613,0.16849
1,269,3,0.99175,1.9553,0.16849
0,270,3,0.7414,1.0662,-1.7745
0,270,3,0.7414,1.0662,-1.7745
1,270,3,0.7414,1.0662,-1.7745
1,270,3,0.75481,1.0544,-1.7759
2,270,3,0.75481,1.0544,-1.7759
2,270,3,0.75481,1.0544,-1.7759
3,270,3,0.75481,1.0544,-1.7759
3,270,3,0.70618,1.078,-1.7817
4,270,3,0.70618,1.078,-1.7817
4,270,3,0.70618,1.078,-1.7817
0,271,3,0.35549,0.11463,2.1669
0,271,3,0.35549,0.11463,2.1669
1,271,3,0.35549,0.11463,2.1669
1,271,3,0.34229,0.10116,2.1697
0,272,3,-1.6183,0.19538,1.4758
0,272,3,-1.6183,0.19538,1.4758
1,272,3,-1.6183,0.19538,1.4758
1,272,3,-1.651,0.23566,1.4331
2,272,3,-1.651,0.23566,1.4331
2,272,3,-1.651,0.23566,1.4331
3,272,3,-1.651,0.23566,1.4331
3,272,3,-1.6322,0.24907,1.4522
4,272,3,-1.6322,0.24907,1.4522
4,272,3,-1.6322,0.24907,1.4522
0,273,3,-0.035849,1.669,1.4311
0,273,3,-0.035849,1.669,1.4311
1,273,3,-0.035849,1.669,1.4311
1,273,3,-0.055126,1.6329,1.4717
2,273,3,-0.055126,1.6329,1.4717
2,273,3,-0.055126,1.6329,1.4717
3,273,3,-0.055126,1.6329,1.4717
3,273,3,-0.045106,1.6332,1.4717
4,273,3,-0.045106,1.6332,1.4717
4,273,3,-0.045106,1.6332,1.4717
0,274,3,-0.73783,-1.0306,1.7968
0,274,3,-0.73783,-1.0306,1.7968
1,274,3,-0.73783,-1.0306,1.7968
1,274,3,-0.73783,-1.0306,1.7968
0,275,3,-0.20993,-0.7217,2.0665
0,275,3,-0.20993,-0.7217,2.0665
1,275,3,-0.20993,-0.7217,2.0665
1,275,3,-0.20948,-0.73443,2.062
0,276,3,-0.85833,1.4209,1.4421
0,276,3,-0.85833,1.4209,1.4421
1,276,3,-0.85833,1.4209,1.4421
1,276,3,-0.88012,1.4311,1.4186
2,276,3,-0.88012,1.4311,1.4186
2,276,3,-0.88012,1.4311,1.4186
3,276,3,-0.88012,1.4311,1.4186
3,276,3,-0.84947,1.4209,1.4473
4,276,3,-0.84947,1.4209,1.4473
4,276,3,-0.84947,1.4209,1.4473
0,277,3,-0.87862,-0.93405,1.7863
0,277,3,-0.87862,-0.93405,1.7863
1,277,3,-0.87862,-0.93405,1.7863
1,277,3,-0.88698,-0.94624,1.7757
0,278,3,0.99332,1.9584,0.11463
0,278,3,0.99332,1.9584,0.11463
1,278,3,0.99332,1.9584,0.11463
1,278,3,1.0053,1.9523,0.11463
0,279,3,-0.78218,1.8721,0.84771
0,279,3,-0.78218,1.8721,0.84771
1,279,3,-0.78218,1.8721,0.84771
1,279,3,-0.80302,1.8575,0.86014
2,279,3,-0.80302,1.8575,0.86014
2,279,3,-0.80302,1.8575,0.86014
3,279,3,-0.80302,1.8575,0.86014
3,279,3,-0.82358,1.8427,0.87254
4,279,3,-0.82358,1.8427,0.87254
4,279,3,-0.82358,1.8427,0.87254
0,280,3,-0.6993,-0.93405,1.8638
0,280,3,-0.6993,-0.93405,1.8638
1,280,3,-0.6993,-0.93405,1.8638
1,280,3,-0.68586,-0.94624,1.8626
2,280,3,-0.68586,-0.94624,1.8626
2,280,3,-0.68586,-0.94624,1.8626
3,280,3,-0.68586,-0.94624,1.8626
3,280,3,-0.661,-0.9584,1.8654
4,280,3,-0.661,-0.9584,1.8654
4,280,3,-0.661,-0.9584,1.8654
0,281,3,0.95246,1.9364,0.42237
0,281,3,0.95246,1.9364,0.42237
1,281,3,0.95246,1.9364,0.42237
1,281,3,0.92862,1.9479,0.42237
0,282,3,0.056624,1.6772,1.4209
0,282,3,0.056624,1.6772,1.4209
1,282,3,0.056624,1.6772,1.4209
1,282,3,0.066914,1.6768,1.4209
0,283,3,-0.21456,-1.9904,0.90955
0,283,3,-0.21456,-1.9904,0.90955
1,283,3,-0.21456,-1.9904,0.90955
1,283,3,-0.21395,-1.9848,0.92181
0,284,3,1.3474,-0.27586,-1.7157
0,284,3,1.3474,-0.27586,-1.7157
1,284,3,1.3474,-0.27586,-1.7157
1,284,3,1.3273,-0.26247,-1.7334
2,284,3,1.3273,-0.26247,-1.7334
2,284,3,1.3273,-0.26247,-1.7334
3,284,3,1.3273,-0.26247,-1.7334
3,284,3,1.3175,-0.24907,-1.7428
4,284,3,1.3175,-0.24907,-1.7428
4,284,3,1.3175,-0.24907,-1.7428
2,285,3,-1.0378,0.67051,1.8189
2,285,3,-1.0378,0.67051,1.8189
3,285,3,-1.0378,0.67051,1.8189
3,285,3,-1.0398,0.65765,1.8225
4,285,3,-1.0398,0.65765,1.8225
4,285,3,-1.0398,0.65765,1.8225
2,286,3,0.073476,1.5955,-1.5113
2,286,3,0.073476,1.5955,-1.5113
3,286,3,0.073476,1.5955,-1.5113
3,286,3,0.08278,1.5857,-1.5211
4,286,3,0.08278,1.5857,-1.5211
4,286,3,0.08278,1.5857,-1.5211
2,287,3,-0.2992,-0.32932,2.1534
2,287,3,-0.2992,-0.32932,2.1534
3,287,3,-0.2992,-0.32932,2.1534
3,287,3,-0.27275,-0.32932,2.1569
4,287,3,-0.27275,-0.32932,2.1569
4,287,3,-0.27275,-0.32932,2.1569
2,288,3,-1.8261,1.1478,0.42777
2,288,3,-1.8261,1.1478,0.42777
3,288,3,-1.8261,1.1478,0.42777
3,288,3,-1.8235,1.1478,0.43896
4,288,3,-1.8235,1.1478,0.43896
4,288,3,-1.8235,1.1478,0.43896
2,289,3,-0.33167,1.5308,1.5433
2,289,3,-0.33167,1.5308,1.5433
3,289,3,-0.33167,1.5308,1.5433
3,289,3,-0.36215,1.5211,1.546
4,289,3,-0.36215,1.5211,1.546
4,289,3,-0.36215,1.5211,1.546
2,290,3,1.0187,1.8644,0.56694
2,290,3,1.0187,1.8644,0.56694
3,290,3,1.0187,1.8644,0.56694
3,290,3,0.99575,1.8768,0.56694
4,290,3,0.99575,1.8768,0.56694
4,290,3,0.99575,1.8768,0.56694
2,291,3,-0.73233,2.0271,0.4356
2,291,3,-0.73233,2.0271,0.4356
3,291,3,-0.73233,2.0271,0.4356
3,291,3,-0.70826,2.0384,0.42237
4,291,3,-0.70826,2.0384,0.42237
4,291,3,-0.70826,2.0384,0.42237
2,292,3,-0.50122,-0.074193,2.1397
2,292,3,-0.50122,-0.074193,2.1397
3,292,3,-0.50122,-0.074193,2.1397
3,292,3,-0.50098,-0.10116,2.1387
4,292,3,-0.50098,-0.10116,2.1387
4,292,3,-0.50098,-0.10116,2.1387
2,293,3,-1.296,1.4817,0.97982
2,293,3,-1.296,1.4817,0.97982
3,293,3,-1.296,1.4817,0.97982
3,293,3,-1.302,1.4817,0.97185
4,293,3,-1.302,1.4817,0.97185
4,293,3,-1.302,1.4817,0.97185
2,294,3,-1.5448,-0.30261,1.5353
2,294,3,-1.5448,-0.30261,1.5353
3,294,3,-1.5448,-0.30261,1.5353
3,294,3,-1.5187,-0.27586,1.5661
4,294,3,-1.5187,-0.27586,1.5661
4,294,3,-1.5187,-0.27586,1.5661
2,295,3,-0.95997,1.6588,1.078
2,295,3,-0.95997,1.6588,1.078
3,295,3,-0.95997,1.6588,1.078
3,295,3,-0.9869,1.6352,1.0897
4,295,3,-0.9869,1.6352,1.0897
4,295,3,-0.9869,1.6352,1.0897
2,296,3,-1.9061,1.0067,-0.43418
2,296,3,-1.9061,1.0067,-0.43418
3,296,3,-1.9061,1.0067,-0.43418
3,296,3,-1.9061,1.0067,-0.43418
4,296,3,-1.9061,1.0067,-0.43418
4,296,3,-1.9061,1.0067,-0.43418
2,297,3,-0.4752,1.2606,1.7379
2,297,3,-0.4752,1.2606,1.7379
3,297,3,-0.4752,1.2606,1.7379
3,297,3,-0.47315,1.2717,1.7304
4,297,3,-0.47315,1.2717,1.7304
4,297,3,-0.47315,1.2717,1.7304
2,298,3,-1.9172,1.0544,-0.21857
2,298,3,-1.9172,1.0544,-0.21857
3,298,3,-1.9172,1.0544,-0.21857
3,298,3,-1.9172,1.0544,-0.21857
4,298,3,-1.9172,1.0544,-0.21857
4,298,3,-1.9172,1.0544,-0.21857
2,299,3,-0.64359,-1.4311,1.5404
2,299,3,-0.64359,-1.4311,1.5404
3,299,3,-0.64359,-1.4311,1.5404
3,299,3,-0.64696,-1.4209,1.5485
4,299,3,-0.64696,-1.4209,1.5485
4,299,3,-0.64696,-1.4209,1.5485
2,300,3,0.36431,0.86014,-1.9906
2,300,3,0.36431,0.86014,-1.9906
3,300,3,0.36431,0.86014,-1.9906
3,300,3,0.37452,0.88491,-1.9778
4,300,3,0.37452,0.88491,-1.9778
4,300,3,0.37452,0.88491,-1.9778
2,301,3,-0.43635,2.0928,-0.51463
2,301,3,-0.43635,2.0928,-0.51463
3,301,3,-0.43635,2.0928,-0.51463
3,301,3,-0.43699,2.0959,-0.50151
4,301,3,-0.43699,2.0959,-0.50151
4,301,3,-0.43699,2.0959,-0.50151
2,302,3,-1.8799,1.1014,-0.29657
2,302,3,-1.8799,1.1014,-0.29657
3,302,3,-1.8799,1.1014,-0.29657
3,302,3,-1.8714,1.1131,-0.307
4,302,3,-1.8714,1.1131,-0.307
4,302,3,-1.8714,1.1131,-0.307
2,303,3,-0.62903,-1.078,1.8104
2,303,3,-0.62903,-1.078,1.8104
3,303,3,-0.62903,-1.078,1.8104
3,303,3,-0.61791,-1.078,1.8142
4,303,3,-0.61791,-1.078,1.8142
4,303,3,-0.61791,-1.078,1.8142
2,304,3,1.3595,0.82051,-1.5211
2,304,3,1.3595,0.82051,-1.5211
3,304,3,1.3595,0.82051,-1.5211
3,304,3,1.3464,0.82395,-1.5308
4,304,3,1.3464,0.82395,-1.5308
4,304,3,1.3464,0.82395,-1.5308
2,305,3,-1.2958,-0.54083,1.6922
2,305,3,-1.2958,-0.54083,1.6922
3,305,3,-1.2958,-0.54083,1.6922
3,305,3,-1.3081,-0.52774,1.6868
4,305,3,-1.3081,-0.52774,1.6868
4,305,3,-1.3081,-0.52774,1.6868
2,306,3,0.0061589,-2.0075,0.89725
2,306,3,0.0061589,-2.0075,0.89725
3,306,3,0.0061589,-2.0075,0.89725
3,306,3,0.018527,-2.0129,0.88491
4,306,3,0.018527,-2.0129,0.88491
4,306,3,0.018527,-2.0129,0.88491
2,307,3,-0.90741,1.7102,1.0425
2,307,3,-0.90741,1.7102,1.0425
3,307,3,-0.90741,1.7102,1.0425
3,307,3,-0.91789,1.7046,1.0425
4,307,3,-0.91789,1.7046,1.0425
4,307,3,-0.91789,1.7046,1.0425
2,308,3,-0.0064122,-2.09,0.68334
2,308,3,-0.0064122,-2.09,0.68334
3,308,3,-0.0064122,-2.09,0.68334
3,308,3,0.032123,-2.0939,0.67051
4,308,3,0.032123,-2.0939,0.67051
4,308,3,0.032123,-2.0939,0.67051
2,309,3,0.046331,1.4209,-1.6775
2,309,3,0.046331,1.4209,-1.6775
3,309,3,0.046331,1.4209,-1.6775
3,309,3,0.066914,1.4209,-1.6768
4,309,3,0.066914,1.4209,-1.6768
4,309,3,0.066914,1.4209,-1.6768
2,310,3,-1.1206,-0.4752,1.8313
2,310,3,-1.1206,-0.4752,1.8313
3,310,3,-1.1206,-0.4752,1.8313
3,310,3,-1.1221,-0.46201,1.8337
4,310,3,-1.1221,-0.46201,1.8337
4,310,3,-1.1221,-0.46201,1.8337
2,311,3,-0.86819,1.686,1.1131
2,311,3,-0.86819,1.686,1.1131
3,311,3,-0.86819,1.686,1.1131
3,311,3,-0.85783,1.6913,1.1131
4,311,3,-0.85783,1.6913,1.1131
4,311,3,-0.85783,1.6913,1.1131
2,312,3,-0.95507,1.2717,1.5185
2,312,3,-0.95507,1.2717,1.5185
3,312,3,-0.95507,1.2717,1.5185
3,312,3,-0.96509,1.2936,1.4935
4,312,3,-0.96509,1.2936,1.4935
4,312,3,-0.96509,1.2936,1.4935
2,313,3,-0.17886,-2.005,0.88491
2,313,3,-0.17886,-2.005,0.88491
3,313,3,-0.17886,-2.005,0.88491
3,313,3,-0.17934,-2.0104,0.87254
4,313,3,-0.17934,-2.0104,0.87254
4,313,3,-0.17934,-2.0104,0.87254
2,314,3,-0.21146,-1.9618,0.97053
2,314,3,-0.21146,-1.9618,0.97053
3,314,3,-0.21146,-1.9618,0.97053
3,314,3,-0.18681,-1.9582,0.98262
4,314,3,-0.18681,-1.9582,0.98262
4,314,3,-0.18681,-1.9582,0.98262
2,315,3,-0.75982,-1.0306,1.7876
2,315,3,-0.75982,-1.0306,1.7876
3,315,3,-0.75982,-1.0306,1.7876
3,315,3,-0.78423,-1.0187,1.7839
4,315,3,-0.78423,-1.0187,1.7839
4,315,3,-0.78423,-1.0187,1.7839
2,316,3,1.1183,1.4605,-1.2048
2,316,3,1.1183,1.4605,-1.2048
3,316,3,1.1183,1.4605,-1.2048
3,316,3,1.1093,1.4673,-1.2048
4,316,3,1.1093,1.4673,-1.2048
4,316,3,1.1093,1.4673,-1.2048
2,317,3,-0.68457,-1.0187,1.8245
2,317,3,-0.68457,-1.0187,1.8245
3,317,3,-0.68457,-1.0187,1.8245
3,317,3,-0.66213,-1.0187,1.8328
4,317,3,-0.66213,-1.0187,1.8328
4,317,3,-0.66213,-1.0187,1.8328
2,318,3,-1.0105,-0.54083,1.8766
2,318,3,-1.0105,-0.54083,1.8766
3,318,3,-1.0105,-0.54083,1.8766
3,318,3,-1.0049,-0.48836,1.8939
4,318,3,-1.0049,-0.48836,1.8939
4,318,3,-1.0049,-0.48836,1.8939
2,319,3,-0.83982,1.9759,0.4752
2,319,3,-0.83982,1.9759,0.4752
3,319,3,-0.83982,1.9759,0.4752
3,319,3,-0.81438,1.9833,0.48836
4,319,3,-0.81438,1.9833,0.48836
4,319,3,-0.81438,1.9833,0.48836
2,320,3,-0.48285,-0.32932,2.1198
2,320,3,-0.48285,-0.32932,2.1198
3,320,3,-0.48285,-0.32932,2.1198
3,320,3,-0.45722,-0.31597,2.1275
4,320,3,-0.45722,-0.31597,2.1275
4,320,3,-0.45722,-0.31597,2.1275
2,321,3,-0.91996,1.9298,0.51463
2,321,3,-0.91996,1.9298,0.51463
3,321,3,-0.91996,1.9298,0.51463
3,321,3,-0.91072,1.9409,0.48836
4,321,3,-0.91072,1.9409,0.48836
4,321,3,-0.91072,1.9409,0.48836
2,322,3,-0.53623,1.4717,1.5433
2,322,3,-0.53623,1.4717,1.5433
3,322,3,-0.53623,1.4717,1.5433
3,322,3,-0.53623,1.4717,1.5433
4,322,3,-0.53623,1.4717,1.5433
4,322,3,-0.53623,1.4717,1.5433
2,323,3,-0.64296,2.0514,0.46201
2,323,3,-0.64296,2.0514,0.46201
3,323,3,-0.64296,2.0514,0.46201
3,323,3,-0.64296,2.0514,0.46201
4,323,3,-0.64296,2.0514,0.46201
4,323,3,-0.64296,2.0514,0.46201
2,324,3,1.2626,1.7811,0.26247
2,324,3,1.2626,1.7811,0.26247
3,324,3,1.2626,1.7811,0.26247
3,324,3,1.2525,1.7901,0.24907
4,324,3,1.2525,1.7901,0.24907
4,324,3,1.2525,1.7901,0.24907
2,325,3,-0.56036,2.0493,0.56694
2,325,3,-0.56036,2.0493,0.56694
3,325,3,-0.56036,2.0493,0.56694
3,325,3,-0.56036,2.0493,0.56694
4,325,3,-0.56036,2.0493,0.56694
4,325,3,-0.56036,2.0493,0.56694
2,326,3,0.33011,0.82275,-2.0123
2,326,3,0.33011,0.82275,-2.0123
3,326,3,0.33011,0.82275,-2.0123
3,326,3,0.34413,0.79766,-2.02
4,326,3,0.34413,0.79766,-2.02
4,326,3,0.34413,0.79766,-2.02
2,327,3,-1.8114,1.216,0.27438
2,327,3,-1.8114,1.216,0.27438
3,327,3,-1.8114,1.216,0.27438
3,327,3,-1.8114,1.216,0.27438
4,327,3,-1.8114,1.216,0.27438
4,327,3,-1.8114,1.216,0.27438
2,328,3,-1.6387,-0.27586,1.4401
2,328,3,-1.6387,-0.27586,1.4401
3,328,3,-1.6387,-0.27586,1.4401
3,328,3,-1.6311,-0.26247,1.4512
4,328,3,-1.6311,-0.26247,1.4512
4,328,3,-1.6311,-0.26247,1.4512
2,329,3,0.9229,1.9057,0.59297
2,329,3,0.9229,1.9057,0.59297
3,329,3,0.9229,1.9057,0.59297
3,329,3,0.89944,1.9169,0.59297
4,329,3,0.89944,1.9169,0.59297
4,329,3,0.89944,1.9169,0.59297
2,330,3,-0.45722,-2.1275,0.31597
2,330,3,-0.45722,-2.1275,0.31597
3,330,3,-0.45722,-2.1275,0.31597
3,330,3,-0.44454,-2.1321,0.30261
4,330,3,-0.44454,-2.1321,0.30261
4,330,3,-0.44454,-2.1321,0.30261
2,331,3,-0.64276,1.5113,1.4621
2,331,3,-0.64276,1.5113,1.4621
3,331,3,-0.64276,1.5113,1.4621
3,331,3,-0.63902,1.5211,1.4536
4,331,3,-0.63902,1.5211,1.4536
4,331,3,-0.63902,1.5211,1.4536
2,332,3,1.4117,-0.24907,-1.6674
2,332,3,1.4117,-0.24907,-1.6674
3,332,3,1.4117,-0.24907,-1.6674
3,332,3,1.4136,-0.22224,-1.6696
4,332,3,1.4136,-0.22224,-1.6696
4,332,3,1.4136,-0.22224,-1.6696
2,333,3,1.5277,-0.35787,-1.5405
2,333,3,1.5277,-0.35787,-1.5405
3,333,3,1.5277,-0.35787,-1.5405
3,333,3,1.5277,-0.35787,-1.5405
4,333,3,1.5277,-0.35787,-1.5405
4,333,3,1.5277,-0.35787,-1.5405
2,334,3,-0.81954,1.7749,1.0067
2,334,3,-0.81954,1.7749,1.0067
3,334,3,-0.81954,1.7749,1.0067
3,334,3,-0.80606,1.7742,1.0187
4,334,3,-0.80606,1.7742,1.0187
4,334,3,-0.80606,1.7742,1.0187
2,335,3,-1.4541,-0.42236,1.5945
2,335,3,-1.4541,-0.42236,1.5945
3,335,3,-1.4541,-0.42236,1.5945
3,335,3,-1.4673,-0.39585,1.5892
4,335,3,-1.4673,-0.39585,1.5892
4,335,3,-1.4673,-0.39585,1.5892
2,336,3,-1.8763,0.93405,0.66488
2,336,3,-1.8763,0.93405,0.66488
3,336,3,-1.8763,0.93405,0.66488
3,336,3,-1.8763,0.93405,0.66488
4,336,3,-1.8763,0.93405,0.66488
4,336,3,-1.8763,0.93405,0.66488
2,337,3,0.9425,1.977,0.19538
2,337,3,0.9425,1.977,0.19538
3,337,3,0.9425,1.977,0.19538
3,337,3,0.9425,1.977,0.19538
4,337,3,0.9425,1.977,0.19538
4,337,3,0.9425,1.977,0.19538
2,338,3,0.94549,1.9833,-0.087676
2,338,3,0.94549,1.9833,-0.087676
3,338,3,0.94549,1.9833,-0.087676
3,338,3,0.92084,1.9942,-0.10116
4,338,3,0.92084,1.9942,-0.10116
4,338,3,0.92084,1.9942,-0.10116
2,339,3,1.0021,1.9461,0.20882
2,339,3,1.0021,1.9461,0.20882
3,339,3,1.0021,1.9461,0.20882
3,339,3,1.0259,1.9336,0.20882
4,339,3,1.0259,1.9336,0.20882
4,339,3,1.0259,1.9336,0.20882
2,340,3,-0.98206,1.966,0.074193
2,340,3,-0.98206,1.966,0.074193
3,340,3,-0.98206,1.966,0.074193
3,340,3,-0.98184,1.9656,0.087677
4,340,3,-0.98184,1.9656,0.087677
4,340,3,-0.98184,1.9656,0.087677
2,341,3,0.44491,0.28924,2.1339
2,341,3,0.44491,0.28924,2.1339
3,341,3,0.44491,0.28924,2.1339
3,341,3,0.44561,0.26247,2.1372
4,341,3,0.44561,0.26247,2.1372
4,341,3,0.44561,0.26247,2.1372
2,342,3,-1.2555,1.3045,1.2479
2,342,3,-1.2555,1.3045,1.2479
3,342,3,-1.2555,1.3045,1.2479
3,342,3,-1.2479,1.3045,1.2555
4,342,3,-1.2479,1.3045,1.2555
4,342,3,-1.2479,1.3045,1.2555
2,343,3,0.91142,1.9738,0.32932
2,343,3,0.91142,1.9738,0.32932
3,343,3,0.91142,1.9738,0.32932
3,343,3,0.92351,1.9682,0.32932
4,343,3,0.92351,1.9682,0.32932
4,343,3,0.92351,1.9682,0.32932
2,344,3,-0.6056,1.0187,1.8522
2,344,3,-0.6056,1.0187,1.8522
3,344,3,-0.6056,1.0187,1.8522
3,344,3,-0.6056,1.0187,1.8522
4,344,3,-0.6056,1.0187,1.8522
4,344,3,-0.6056,1.0187,1.8522
2,345,3,-1.8116,1.0187,0.71804
2,345,3,-1.8116,1.0187,0.71804
3,345,3,-1.8116,1.0187,0.71804
3,345,3,-1.8116,1.0187,0.71804
4,345,3,-1.8116,1.0187,0.71804
4,345,3,-1.8116,1.0187,0.71804
2,346,3,-0.722,1.7895,1.0544
2,346,3,-0.722,1.7895,1.0544
3,346,3,-0.722,1.7895,1.0544
3,346,3,-0.73541,1.791,1.0425
4,346,3,-0.73541,1.791,1.0425
4,346,3,-0.73541,1.791,1.0425
2,347,3,-0.96879,1.698,1.0067
2,347,3,-0.96879,1.698,1.0067
3,347,3,-0.96879,1.698,1.0067
3,347,3,-0.98956,1.686,1.0067
4,347,3,-0.98956,1.686,1.0067
4,347,3,-0.98956,1.686,1.0067
2,348,3,-1.3049,1.7482,0.27586
2,348,3,-1.3049,1.7482,0.27586
3,348,3,-1.3049,1.7482,0.27586
3,348,3,-1.3039,1.7468,0.28924
4,348,3,-1.3039,1.7468,0.28924
4,348,3,-1.3039,1.7468,0.28924
2,349,3,1.0944,0.9584,-1.6489
2,349,3,1.0944,0.9584,-1.6489
3,349,3,1.0944,0.9584,-1.6489
3,349,3,1.0944,0.9584,-1.6489
4,349,3,1.0944,0.9584,-1.6489
4,349,3,1.0944,0.9584,-1.6489
2,350,3,-0.58163,1.5308,1.4675
2,350,3,-0.58163,1.5308,1.4675
3,350,3,-0.58163,1.5308,1.4675
3,350,3,-0.5871,1.5405,1.4551
4,350,3,-0.5871,1.5405,1.4551
4,350,3,-0.5871,1.5405,1.4551
2,351,3,-0.3413,-0.19538,2.1634
2,351,3,-0.3413,-0.19538,2.1634
3,351,3,-0.3413,-0.19538,2.1634
3,351,3,-0.32801,-0.19538,2.1655
4,351,3,-0.32801,-0.19538,2.1655
4,351,3,-0.32801,-0.19538,2.1655
2,352,3,-0.30856,1.5765,1.5015
2,352,3,-0.30856,1.5765,1.5015
3,352,3,-0.30856,1.5765,1.5015
3,352,3,-0.30856,1.5765,1.5015
4,352,3,-0.30856,1.5765,1.5015
4,352,3,-0.30856,1.5765,1.5015
2,353,3,-0.54792,1.4311,1.5769
2,353,3,-0.54792,1.4311,1.5769
3,353,3,-0.54792,1.4311,1.5769
3,353,3,-0.56051,1.4209,1.5818
4,353,3,-0.56051,1.4209,1.5818
4,353,3,-0.56051,1.4209,1.5818
2,354,3,0.14038,1.216,-1.8267
2,354,3,0.14038,1.216,-1.8267
3,354,3,0.14038,1.216,-1.8267
3,354,3,0.15096,1.2272,-1.8183
4,354,3,0.15096,1.2272,-1.8183
4,354,3,0.15096,1.2272,-1.8183
2,355,3,-0.59036,1.0425,1.8439
2,355,3,-0.59036,1.0425,1.8439
3,355,3,-0.59036,1.0425,1.8439
3,355,3,-0.59036,1.0425,1.8439
4,355,3,-0.59036,1.0425,1.8439
4,355,3,-0.59036,1.0425,1.8439
2,356,3,0.47927,0.42237,2.1041
2,356,3,0.47927,0.42237,2.1041
3,356,3,0.47927,0.42237,2.1041
3,356,3,0.49275,0.40912,2.1036
4,356,3,0.49275,0.40912,2.1036
4,356,3,0.49275,0.40912,2.1036
2,357,3,-0.9813,1.5817,1.1707
2,357,3,-0.9813,1.5817,1.1707
3,357,3,-0.9813,1.5817,1.1707
3,357,3,-0.9813,1.5817,1.1707
4,357,3,-0.9813,1.5817,1.1707
4,357,3,-0.9813,1.5817,1.1707
2,358,3,-1.8654,0.9584,0.661
2,358,3,-1.8654,0.9584,0.661
3,358,3,-1.8654,0.9584,0.661
3,358,3,-1.8542,0.98262,0.65702
4,358,3,-1.8542,0.98262,0.65702
4,358,3,-1.8542,0.98262,0.65702
2,359,3,0.91381,1.979,0.28924
2,359,3,0.91381,1.979,0.28924
3,359,3,0.91381,1.979,0.28924
3,359,3,0.93802,1.9676,0.28924
4,359,3,0.93802,1.9676,0.28924
4,359,3,0.93802,1.9676,0.28924
2,360,3,-0.59036,-1.0425,1.8439
2,360,3,-0.59036,-1.0425,1.8439
3,360,3,-0.59036,-1.0425,1.8439
3,360,3,-0.60364,-1.0306,1.8462
4,360,3,-0.60364,-1.0306,1.8462
4,360,3,-0.60364,-1.0306,1.8462
2,361,3,1.2752,-0.23566,-1.7758
2,361,3,1.2752,-0.23566,-1.7758
3,361,3,1.2752,-0.23566,-1.7758
3,361,3,1.2752,-0.23566,-1.7758
4,361,3,1.2752,-0.23566,-1.7758
4,361,3,1.2752,-0.23566,-1.7758
