"Cartesian Velocity:0","Cartesian Velocity:1","Cartesian Velocity:2","Spherical Velocity:0","Spherical Velocity:1","Spherical Velocity:2","Pressure","PointID","RegionId","GSV:0","GSV:1","GSV:2","GSV:3","GSV:4","GSV:5","GSV:6","GSV:7","GSV:8","magGSV","magGSV_Order","DescendingManifold","AscendingManifold","MorseSmaleManifold","Points:0","Points:1","Points:2"
-13321,2762.1,-5680.6,740.11,8414.7,12082,6.2015e+05,8047,1,1.3845e+05,1.6834e+05,-1.3514e+05,-33325,56115,-68565,1.0481e+05,7663.5,23128,2.9378e+05,367039,279,20,1868,-0.43568,1.5558,1.4916
-12097,4811.6,-7910.8,550.23,11208,10303,6.1768e+05,9259,1,69289,1.6324e+05,-1.5082e+05,-67417,54554,-77701,20356,-76204,86514,2.8541e+05,366944,279,20,1868,-0.44773,1.5618,1.4817
-11501,4704,-8024.1,231.68,11071,9806.2,6.151e+05,9257,1,33625,73591,-67962,-71444,-1276.9,-19404,91091,-80314,1.116e+05,2.094e+05,365292,279,30,1870,-0.43814,1.5645,1.4817
-10613,3967.7,-7085.8,121.54,9700.7,9190.8,6.1641e+05,9255,1,46714,22292,-9816.5,-1.283e+05,-48510,14844,1.4434e+05,-41312,85174,2.2717e+05,365861,279,30,1870,-0.42853,1.5672,1.4817
-10323,8598.6,-12490,-69.886,16747,7485.4,6.1268e+05,10483,1,2.0785e+05,1.4599e+05,-89640,-90352,-86593,65979,1.437e+05,-23468,68295,3.4413e+05,367438,279,24,1869,-0.45986,1.5677,1.4717
-9297.1,5767.5,-10541,-1032.3,13258,7347.8,5.9762e+05,10481,1,5870,68149,-70168,-1.5754e+05,-1.2779e+05,88854,1.0874e+05,26896,3651.4,2.6684e+05,366681,279,24,1869,-0.45023,1.5705,1.4717
-10798,2421.8,-8183.3,-1625.2,9549.8,9776.5,5.7443e+05,10477,1,232.05,35649,-38300,-96221,-1.7525e+05,1.6008e+05,1.3972e+05,1.9128e+05,-1.6532e+05,3.8959e+05,367651,279,30,1870,-0.43092,1.5759,1.4717
-10561,3797,-9938.7,-1819.1,11738,9145.8,5.8025e+05,10479,1,-68286,9249.4,-30415,-1.2358e+05,-2.086e+05,1.8668e+05,1.0986e+05,1.8311e+05,-1.6434e+05,4.1463e+05,367741,279,30,1870,-0.44058,1.5733,1.4717
-10072,3337,-9637.1,-1895.6,11213,8725.9,5.6839e+05,11717,1,97064,86802,-62711,-64201,-2.9453e+05,2.9737e+05,1.2775e+05,3.2045e+05,-3.06e+05,6.4252e+05,368051,279,30,1870,-0.46239,1.5764,1.4616
